version,fish,condition,offsetMs,outcome,elapsedMs,maxTension,maxProgress,dangerPeakMs,dangerAddedMs,dangerStarts,dangerClears,firstDangerMs,firstClearMs,dangerAtBriefReleaseMs,dangerAfterBriefReleaseMs,finalProgress,finalTension,finalDangerMs,dangerTrace
before,aji,held,0,line-break,5220,100,64.735,900,900,1,0,4325,,,,64.7352,100,900,4325:start:struggling:winding:100:5;4620:300ms:struggling:winding:100:300;4920:600ms:struggling:winding:100:600;5220:line-break:ended:resting:100:900
before,aji,held,175,line-break,5370,100,61.903,900,900,1,0,4470,,,,61.90272,100,900,4470:start:struggling:winding:100:3;4770:300ms:struggling:winding:100:303;5070:600ms:struggling:winding:100:603;5370:line-break:ended:resting:100:900
before,aji,held,425,line-break,5580,100,57.856,900,900,1,0,4680,,,,57.85632,100,900,4680:start:struggling:winding:100:3;4980:300ms:struggling:winding:100:303;5280:600ms:struggling:winding:100:603;5580:line-break:ended:resting:100:900
before,aji,adaptive-0ms,0,success,8160,62,100,0,0,0,0,,,,,100,35.777778,0,8160:success:ended:resting:35.778:0
before,aji,adaptive-0ms,175,success,8335,54.65,100,0,0,0,0,,,,,100,38.227778,0,8335:success:ended:resting:38.228:0
before,aji,adaptive-0ms,425,success,8585,44.15,100,0,0,0,0,,,,,100,41.727778,0,8585:success:ended:resting:41.728:0
before,aji,adaptive-150ms,0,success,8390,59,100,0,0,0,0,,,,,100,36.932778,0,8390:success:ended:resting:36.933:0
before,aji,adaptive-150ms,175,success,8565,51.65,100,0,0,0,0,,,,,100,39.382778,0,8565:success:ended:resting:39.383:0
before,aji,adaptive-150ms,425,success,11500,43.2,100,0,0,0,0,,,,,100,2.037778,0,11500:success:ended:resting:2.038:0
before,aji,adaptive-200ms,0,success,8470,58,100,0,0,0,0,,,,,100,37.317778,0,8470:success:ended:resting:37.318:0
before,aji,adaptive-200ms,175,success,8695,50.65,100,0,0,0,0,,,,,100,41.182716,0,8695:success:ended:resting:41.183:0
before,aji,adaptive-200ms,425,success,11605,43.6,100,0,0,0,0,,,,,100,2.807778,0,11605:success:ended:resting:2.808:0
before,aji,adaptive-250ms,0,success,8545,57,100,0,0,0,0,,,,,100,37.702778,0,8545:success:ended:resting:37.703:0
before,aji,adaptive-250ms,175,success,11460,49.65,100,0,0,0,0,,,,,100,0.077778,0,11460:success:ended:resting:0.078:0
before,aji,adaptive-250ms,425,success,11710,44,100,0,0,0,0,,,,,100,3.577778,0,11710:success:ended:resting:3.578:0
before,aji,fixed-50/50ms,0,success,16945,20.7,100,0,0,0,0,,,,,100,17.495778,0,16945:success:ended:resting:17.496:0
before,aji,fixed-50/50ms,175,success,17120,20,100,0,0,0,0,,,,,100,16.295778,0,17120:success:ended:resting:16.296:0
before,aji,fixed-50/50ms,425,success,17370,20,100,0,0,0,0,,,,,100,14.695778,0,17370:success:ended:resting:14.696:0
before,aji,fixed-100/100ms,0,success,16895,21.4,100,0,0,0,0,,,,,100,18.895778,0,16895:success:ended:resting:18.896:0
before,aji,fixed-100/100ms,175,success,17070,20,100,0,0,0,0,,,,,100,17.695778,0,17070:success:ended:resting:17.696:0
before,aji,fixed-100/100ms,425,success,17320,20.4,100,0,0,0,0,,,,,100,16.095778,0,17320:success:ended:resting:16.096:0
before,aji,fixed-50/150ms,0,success,33845,20.7,100,0,0,0,0,,,,,100,0.595778,0,33845:success:ended:resting:0.596:0
before,aji,fixed-50/150ms,175,success,34020,20,100,0,0,0,0,,,,,100,0.595778,0,34020:success:ended:resting:0.596:0
before,aji,fixed-50/150ms,425,success,34270,20,100,0,0,0,0,,,,,100,0.595778,0,34270:success:ended:resting:0.596:0
before,aji,fixed-150/50ms,0,success,11295,100,100,122,1457.818,14,14,8505,8555,,,100,99.895778,0,8150:release:calm:resting:99.3:0;8200:press:calm:winding:97.9:0;8350:release:calm:resting:100:0;8400:press:calm:winding:98.6:0;8505:start:calm:winding:100:5;8550:release:calm:resting:100:50;8555:clear:calm:resting:99.86:0;8600:press:warning:winding:98.6:0;11295:success:ended:resting:99.896:0
before,aji,fixed-150/50ms,175,success,11470,100,100,122,1276.286,12,12,9100,9130,,,100,99.895778,0,9100:start:warning:winding:100:2.273;9125:release:warning:resting:100:27.273;9130:clear:warning:resting:99.86:0;9175:press:warning:winding:98.6:0;9240:start:warning:winding:100:1.364;9325:release:warning:resting:100:86.364;9330:clear:warning:resting:99.86:0;9375:press:warning:winding:98.6:0;11470:success:ended:resting:99.896:0
before,aji,fixed-150/50ms,425,success,11720,100,100,122,1014,10,10,9720,9780,,,100,99.895778,0,9720:start:struggling:winding:100:5;9775:release:struggling:resting:100:60;9780:clear:struggling:resting:99.86:0;9825:press:struggling:winding:98.6:0;9855:start:struggling:winding:100:2;9975:release:struggling:resting:100:122;9980:clear:struggling:resting:99.86:0;10025:press:struggling:winding:98.6:0;11720:success:ended:resting:99.896:0
before,aji,fixed-200/200ms,0,success,15400,23.2,100,0,0,0,0,,,,,100,9.814815,0,15400:success:ended:resting:9.815:0
before,aji,fixed-200/200ms,175,success,17395,23.2,100,0,0,0,0,,,,,100,15.028278,0,17395:success:ended:resting:15.028:0
before,aji,fixed-200/200ms,425,success,16995,23.2,100,0,0,0,0,,,,,100,19.963278,0,16995:success:ended:resting:19.963:0
before,aji,fixed-500/50ms,0,success,8030,100,100,472,2562.556,7,6,4710,4905,,,100,100,226.555556,4710:start:struggling:winding:100:2;4900:release:struggling:resting:100:192;4905:clear:struggling:resting:99.86:0;4950:press:struggling:winding:98.6:0;4980:start:struggling:winding:100:2;5280:300ms:struggling:winding:100:302;5450:release:struggling:resting:100:472;5455:clear:struggling:resting:99.86:0;8030:success:ended:resting:100:226.556
before,aji,fixed-500/50ms,175,success,8240,100,100,472,2540.306,7,6,4870,5080,,,100,100,262.305556,4870:start:struggling:winding:100:1;5075:release:struggling:resting:100:206;5080:clear:struggling:resting:99.86:0;5125:press:struggling:winding:98.6:0;5155:start:struggling:winding:100:2;5455:300ms:struggling:winding:100:302;5625:release:calm:resting:100:472;5630:clear:calm:resting:99.86:0;8240:success:ended:resting:100:262.306
before,aji,fixed-500/50ms,425,success,8455,100,100,472,2522.556,7,6,5105,5330,,,100,100,226.555556,5105:start:struggling:winding:100:4;5325:release:struggling:resting:100:224;5330:clear:struggling:resting:99.86:0;5375:press:struggling:winding:98.6:0;5405:start:struggling:winding:100:2;5705:300ms:calm:winding:100:302;5875:release:calm:resting:100:472;5880:clear:calm:resting:99.86:0;8455:success:ended:resting:100:226.556
before,aji,fixed-20/500ms,0,undecided,180000,20.28,81.479,0,0,0,0,,,,,81.4788,0,0,180000:undecided:calm:resting:0:0
before,aji,fixed-20/500ms,175,undecided,180000,20,81.238,0,0,0,0,,,,,81.2376,0,0,180000:undecided:calm:resting:0:0
before,aji,fixed-20/500ms,425,undecided,180000,20,81.149,0,0,0,0,,,,,81.1485,0,0,180000:undecided:calm:resting:0:0
before,aji,fixed-500/500ms,0,success,17085,36,100,0,0,0,0,,,,,100,17.527778,0,17085:success:ended:resting:17.528:0
before,aji,fixed-500/500ms,175,success,17260,35.3,100,0,0,0,0,,,,,100,22.427778,0,17260:success:ended:resting:22.428:0
before,aji,fixed-500/500ms,425,success,16900,31.1,100,0,0,0,0,,,,,100,31.087778,0,16900:success:ended:resting:31.088:0
before,aji,boundary-100/299ms,0,success,33616,21.4,100,0,0,0,0,,,,,100,4.384458,0,33616:success:ended:resting:4.384:0
before,aji,boundary-100/299ms,175,success,33731,20,100,0,0,0,0,,,,,100,0.525778,0,33731:success:ended:resting:0.526:0
before,aji,boundary-100/299ms,425,success,33961,20,100,0,0,0,0,,,,,100,0.223938,0,33961:success:ended:resting:0.224:0
before,aji,boundary-100/300ms,0,success,31650,21.4,100,0,0,0,0,,,,,100,1.004938,0,31650:success:ended:resting:1.005:0
before,aji,boundary-100/300ms,175,success,34255,20,100,0,0,0,0,,,,,100,1.050778,0,34255:success:ended:resting:1.051:0
before,aji,boundary-100/300ms,425,success,33655,20,100,0,0,0,0,,,,,100,0.385778,0,33655:success:ended:resting:0.386:0
before,aji,boundary-100/301ms,0,success,31729,21.4,100,0,0,0,0,,,,,100,1.004938,0,31729:success:ended:resting:1.005:0
before,aji,boundary-100/301ms,175,success,34711,20,100,0,0,0,0,,,,,100,0.636378,0,34711:success:ended:resting:0.636:0
before,aji,boundary-100/301ms,425,success,33738,20,100,0,0,0,0,,,,,100,0.393478,0,33738:success:ended:resting:0.393:0
before,aji,near100-release10ms,0,line-break,5940,100,71.575,900,1600,2,1,4325,5025,700,0,71.5752,100,900,4325:start:struggling:winding:100:5;4620:300ms:struggling:winding:100:300;4920:600ms:struggling:winding:100:600;5020:release:struggling:resting:100:700;5025:clear:struggling:resting:99.86:0;5030:after10ms:struggling:resting:99.72:0;5030:press:struggling:winding:99.72:0;5040:start:struggling:winding:100:4.4;5940:line-break:ended:resting:100:900
before,aji,near100-release10ms,175,line-break,6090,100,71.125,900,1603,2,1,4470,5175,703,0,71.1252,100,900,4470:start:struggling:winding:100:3;4770:300ms:struggling:winding:100:303;5070:600ms:struggling:winding:100:603;5170:release:struggling:resting:100:703;5175:clear:struggling:resting:99.86:0;5180:after10ms:struggling:resting:99.72:0;5180:press:struggling:winding:99.72:0;5190:start:struggling:winding:100:4.4;6090:line-break:ended:resting:100:900
before,aji,near100-release10ms,425,line-break,6300,100,70.405,900,1603,2,1,4680,5385,703,0,70.4052,100,900,4680:start:struggling:winding:100:3;4980:300ms:struggling:winding:100:303;5280:600ms:struggling:winding:100:603;5380:release:struggling:resting:100:703;5385:clear:struggling:resting:99.86:0;5390:after10ms:struggling:resting:99.72:0;5390:press:struggling:winding:99.72:0;5400:start:struggling:winding:100:4.4;6300:line-break:ended:resting:100:900
before,iwashi,held,0,line-break,4715,100,68.807,900,900,1,0,3815,,,,68.8065,100,900,3815:start:struggling:winding:100:3;4115:300ms:struggling:winding:100:303;4415:600ms:calm:winding:100:603;4715:line-break:ended:resting:100:900
before,iwashi,held,175,line-break,4860,100,68.145,900,900,1,0,3960,,,,68.145,100,900,3960:start:struggling:winding:100:4.5;4260:300ms:calm:winding:100:304.5;4560:600ms:calm:winding:100:604.5;4860:line-break:ended:resting:100:900
before,iwashi,held,425,line-break,5065,100,67.2,900,900,1,0,4165,,,,67.2,100,900,4165:start:struggling:winding:100:4.5;4465:300ms:calm:winding:100:304.5;4765:600ms:calm:winding:100:604.5;5065:line-break:ended:resting:100:900
before,iwashi,adaptive-0ms,0,success,8665,49.9,100,0,0,0,0,,,,,100,2.104762,0,8665:success:ended:resting:2.105:0
before,iwashi,adaptive-0ms,175,success,8840,42.725,100,0,0,0,0,,,,,100,4.379762,0,8840:success:ended:resting:4.38:0
before,iwashi,adaptive-0ms,425,success,9090,32.475,100,0,0,0,0,,,,,100,7.629762,0,9090:success:ended:resting:7.63:0
before,iwashi,adaptive-150ms,0,success,8980,46.75,100,0,0,0,0,,,,,100,4.249762,0,8980:success:ended:resting:4.25:0
before,iwashi,adaptive-150ms,175,success,9155,39.575,100,0,0,0,0,,,,,100,6.524762,0,9155:success:ended:resting:6.525:0
before,iwashi,adaptive-150ms,425,success,9405,30.95,100,0,0,0,0,,,,,100,9.774762,0,9405:success:ended:resting:9.775:0
before,iwashi,adaptive-200ms,0,success,9085,45.7,100,0,0,0,0,,,,,100,4.964762,0,9085:success:ended:resting:4.965:0
before,iwashi,adaptive-200ms,175,success,9260,38.525,100,0,0,0,0,,,,,100,7.239762,0,9260:success:ended:resting:7.24:0
before,iwashi,adaptive-200ms,425,success,9510,31.3,100,0,0,0,0,,,,,100,10.489762,0,9510:success:ended:resting:10.49:0
before,iwashi,adaptive-250ms,0,success,9190,44.65,100,0,0,0,0,,,,,100,5.679762,0,9190:success:ended:resting:5.68:0
before,iwashi,adaptive-250ms,175,success,9365,37.475,100,0,0,0,0,,,,,100,7.954762,0,9365:success:ended:resting:7.955:0
before,iwashi,adaptive-250ms,425,success,9615,31.65,100,0,0,0,0,,,,,100,11.204762,0,9615:success:ended:resting:11.205:0
before,iwashi,fixed-50/50ms,0,success,13830,20.65,100,0,0,0,0,,,,,100,4.975762,0,13830:success:ended:resting:4.976:0
before,iwashi,fixed-50/50ms,175,success,13995,20,100,0,0,0,0,,,,,100,3.297012,0,13995:success:ended:resting:3.297:0
before,iwashi,fixed-50/50ms,425,success,14245,20,100,0,0,0,0,,,,,100,1.222012,0,14245:success:ended:resting:1.222:0
before,iwashi,fixed-100/100ms,0,success,13850,21.3,100,0,0,0,0,,,,,100,4.790262,0,13850:success:ended:resting:4.79:0
before,iwashi,fixed-100/100ms,175,success,14015,20,100,0,0,0,0,,,,,100,2.483012,0,14015:success:ended:resting:2.483:0
before,iwashi,fixed-100/100ms,425,success,14250,20,100,0,0,0,0,,,,,100,2.254262,0,14250:success:ended:resting:2.254:0
before,iwashi,fixed-50/150ms,0,success,27650,20.65,100,0,0,0,0,,,,,100,0.590262,0,27650:success:ended:resting:0.59:0
before,iwashi,fixed-50/150ms,175,success,27980,20,100,0,0,0,0,,,,,100,0.040212,0,27980:success:ended:resting:0.04:0
before,iwashi,fixed-50/150ms,425,success,28440,20,100,0,0,0,0,,,,,100,0.262434,0,28440:success:ended:resting:0.262:0
before,iwashi,fixed-150/50ms,0,success,9205,100,100,122,460.923,6,6,8065,8155,,,100,98.618262,0,8065:start:struggling:winding:100:5;8150:release:struggling:resting:100:90;8155:clear:struggling:resting:99.86:0;8200:press:struggling:winding:98.6:0;8230:start:struggling:winding:100:2;8350:release:struggling:resting:100:122;8355:clear:struggling:resting:99.86:0;8400:press:struggling:winding:98.6:0;9205:success:ended:resting:98.618:0
before,iwashi,fixed-150/50ms,175,success,9400,100,100,122,394.231,6,6,8225,8330,,,100,98.904262,0,8125:release:struggling:resting:99.05:0;8175:press:struggling:winding:97.65:0;8225:start:struggling:winding:100:3;8325:release:struggling:resting:100:103;8330:clear:struggling:resting:99.86:0;8375:press:struggling:winding:98.6:0;8405:start:struggling:winding:100:2;8525:release:calm:resting:100:122;9400:success:ended:resting:98.904:0
before,iwashi,fixed-150/50ms,425,success,9570,100,100,77.5,282.193,6,5,8500,8580,,,100,100,35.462454,8500:start:calm:winding:100:2.5;8575:release:calm:resting:100:77.5;8580:clear:calm:resting:99.86:0;8625:press:calm:winding:98.6:0;8735:start:calm:winding:100:2.308;8775:release:calm:resting:100:42.308;8780:clear:calm:resting:99.86:0;8825:press:calm:winding:98.6:0;9570:success:ended:resting:100:35.462
before,iwashi,fixed-200/200ms,0,success,13730,22.6,100,0,0,0,0,,,,,100,7.375762,0,13730:success:ended:resting:7.376:0
before,iwashi,fixed-200/200ms,175,success,13895,20,100,0,0,0,0,,,,,100,7.772012,0,13895:success:ended:resting:7.772:0
before,iwashi,fixed-200/200ms,425,success,14165,20,100,0,0,0,0,,,,,100,5.233012,0,14165:success:ended:resting:5.233:0
before,iwashi,fixed-500/50ms,0,success,6785,100,100,392.308,1851.241,6,5,4185,4355,,,100,100,112.010582,4185:start:struggling:winding:100:5;4350:release:calm:resting:100:170;4355:clear:calm:resting:99.86:0;4400:press:calm:winding:98.6:0;4510:start:calm:winding:100:2.308;4810:300ms:calm:winding:100:302.308;4900:release:calm:resting:100:392.308;4905:clear:calm:resting:99.86:0;6785:success:ended:resting:100:112.011
before,iwashi,fixed-500/50ms,175,success,7110,100,100,392.308,1799.404,5,4,4720,5080,,,100,100,264.78836,4525:release:calm:resting:99.55:0;4575:press:calm:winding:98.15:0;4720:start:calm:winding:100:2.692;5020:300ms:calm:winding:100:302.692;5075:release:calm:resting:100:357.692;5080:clear:calm:resting:99.86:0;5125:press:calm:winding:98.6:0;5235:start:calm:winding:100:2.308;7110:success:ended:resting:100:264.788
before,iwashi,fixed-500/50ms,425,success,8515,100,100,472,2283.212,6,5,5655,5880,,,100,100,360.154762,5655:start:calm:winding:100:5;5875:release:calm:resting:100:225;5880:clear:calm:resting:99.86:0;5925:press:calm:winding:98.6:0;6035:start:calm:winding:100:2.308;6335:300ms:calm:winding:100:302.308;6425:release:calm:resting:100:392.308;6430:clear:calm:resting:99.86:0;8515:success:ended:resting:100:360.155
before,iwashi,fixed-20/500ms,0,undecided,180000,20.26,96.606,0,0,0,0,,,,,96.6063,0,0,180000:undecided:calm:resting:0:0
before,iwashi,fixed-20/500ms,175,undecided,180000,20,96.752,0,0,0,0,,,,,96.75225,0,0,180000:undecided:calm:resting:0:0
before,iwashi,fixed-20/500ms,425,undecided,180000,20,96.244,0,0,0,0,,,,,96.24405,0,0,180000:undecided:calm:resting:0:0
before,iwashi,fixed-500/500ms,0,success,13450,26.5,100,0,0,0,0,,,,,100,16.790262,0,13450:success:ended:resting:16.79:0
before,iwashi,fixed-500/500ms,175,success,13595,25,100,0,0,0,0,,,,,100,16.432762,0,13595:success:ended:resting:16.433:0
before,iwashi,fixed-500/500ms,425,success,13835,25,100,0,0,0,0,,,,,100,14.100512,0,13835:success:ended:resting:14.101:0
before,iwashi,boundary-100/299ms,0,success,27571,21.3,100,0,0,0,0,,,,,100,0.518762,0,27571:success:ended:resting:0.519:0
before,iwashi,boundary-100/299ms,175,success,27751,20,100,0,0,0,0,,,,,100,0.535922,0,27751:success:ended:resting:0.536:0
before,iwashi,boundary-100/299ms,425,success,28370,20,100,0,0,0,0,,,,,100,0.296656,0,28370:success:ended:resting:0.297:0
before,iwashi,boundary-100/300ms,0,success,27650,21.3,100,0,0,0,0,,,,,100,0.590262,0,27650:success:ended:resting:0.59:0
before,iwashi,boundary-100/300ms,175,success,27800,20,100,0,0,0,0,,,,,100,0.304262,0,27800:success:ended:resting:0.304:0
before,iwashi,boundary-100/300ms,425,success,28080,20,100,0,0,0,0,,,,,100,1.040212,0,28080:success:ended:resting:1.04:0
before,iwashi,boundary-100/301ms,0,success,27689,21.3,100,0,0,0,0,,,,,100,0.245632,0,27689:success:ended:resting:0.246:0
before,iwashi,boundary-100/301ms,175,success,27538,20,100,0,0,0,0,,,,,100,1.170972,0,27538:success:ended:resting:1.171:0
before,iwashi,boundary-100/301ms,425,success,28154,20,100,0,0,0,0,,,,,100,1.147767,0,28154:success:ended:resting:1.148:0
before,iwashi,near100-release10ms,0,line-break,5450,100,84.022,900,1603,2,1,3815,4520,703,0,84.021808,100,900,3815:start:struggling:winding:100:3;4115:300ms:struggling:winding:100:303;4415:600ms:calm:winding:100:603;4515:release:calm:resting:100:703;4520:clear:calm:resting:99.86:0;4525:after10ms:calm:resting:99.72:0;4525:press:calm:winding:99.72:0;4550:start:calm:winding:100:3.462;5450:line-break:ended:resting:100:900
before,iwashi,near100-release10ms,175,line-break,5595,100,83.392,900,1604.5,2,1,3960,4665,704.5,0,83.391808,100,900,3960:start:struggling:winding:100:4.5;4260:300ms:calm:winding:100:304.5;4560:600ms:calm:winding:100:604.5;4660:release:calm:resting:100:704.5;4665:clear:calm:resting:99.86:0;4670:after10ms:calm:resting:99.72:0;4670:press:calm:winding:99.72:0;4695:start:calm:winding:100:3.462;5595:line-break:ended:resting:100:900
before,iwashi,near100-release10ms,425,line-break,5800,100,82.447,900,1604.5,2,1,4165,4870,704.5,0,82.446808,100,900,4165:start:struggling:winding:100:4.5;4465:300ms:calm:winding:100:304.5;4765:600ms:calm:winding:100:604.5;4865:release:calm:resting:100:704.5;4870:clear:calm:resting:99.86:0;4875:after10ms:calm:resting:99.72:0;4875:press:calm:winding:99.72:0;4900:start:calm:winding:100:3.462;5800:line-break:ended:resting:100:900
before,saba,held,0,line-break,3685,100,46.597,900,900,1,0,2785,,,,46.597172,100,900,2785:start:struggling:winding:100:0.517;3085:300ms:struggling:winding:100:300.517;3385:600ms:calm:winding:100:600.517;3685:line-break:ended:resting:100:900
before,saba,held,175,line-break,3830,100,46.024,900,900,1,0,2930,,,,46.023897,100,900,2930:start:struggling:winding:100:0.69;3230:300ms:calm:winding:100:300.69;3530:600ms:calm:winding:100:600.69;3830:line-break:ended:resting:100:900
before,saba,held,425,line-break,4040,100,45.205,900,900,1,0,3140,,,,45.204931,100,900,3140:start:struggling:winding:100:3.793;3440:300ms:calm:winding:100:303.793;3740:600ms:calm:winding:100:603.793;4040:line-break:ended:resting:100:900
before,saba,adaptive-0ms,0,success,10365,49,100,0,0,0,0,,,,,100,18.263158,0,10365:success:ended:resting:18.263:0
before,saba,adaptive-0ms,175,success,10540,40.6,100,0,0,0,0,,,,,100,21.763158,0,10540:success:ended:resting:21.763:0
before,saba,adaptive-0ms,425,success,10790,29,100,0,0,0,0,,,,,100,26.763158,0,10790:success:ended:resting:26.763:0
before,saba,adaptive-150ms,0,success,10765,45.55,100,0,0,0,0,,,,,100,23.213158,0,10765:success:ended:resting:23.213:0
before,saba,adaptive-150ms,175,success,10980,37.15,100,0,0,0,0,,,,,100,27.980994,0,10980:success:ended:resting:27.981:0
before,saba,adaptive-150ms,425,success,12970,29.75,100,0,0,0,0,,,,,100,4.363158,0,12970:success:ended:resting:4.363:0
before,saba,adaptive-200ms,0,success,10895,44.4,100,0,0,0,0,,,,,100,24.863158,0,10895:success:ended:resting:24.863:0
before,saba,adaptive-200ms,175,success,12880,36,100,0,0,0,0,,,,,100,1.563158,0,12880:success:ended:resting:1.563:0
before,saba,adaptive-200ms,425,success,13130,30,100,0,0,0,0,,,,,100,6.563158,0,13130:success:ended:resting:6.563:0
before,saba,adaptive-250ms,0,success,12865,43.25,100,0,0,0,0,,,,,100,0.263158,0,12865:success:ended:resting:0.263:0
before,saba,adaptive-250ms,175,success,13040,34.85,100,0,0,0,0,,,,,100,3.763158,0,13040:success:ended:resting:3.763:0
before,saba,adaptive-250ms,425,success,13290,30.25,100,0,0,0,0,,,,,100,8.763158,0,13290:success:ended:resting:8.763:0
before,saba,fixed-50/50ms,0,success,16645,53.7,100,0,0,0,0,,,,,100,49.963158,0,16645:success:ended:resting:49.963:0
before,saba,fixed-50/50ms,175,success,16820,49.6,100,0,0,0,0,,,,,100,45.063158,0,16820:success:ended:resting:45.063:0
before,saba,fixed-50/50ms,425,success,17070,43.4,100,0,0,0,0,,,,,100,38.063158,0,17070:success:ended:resting:38.063:0
before,saba,fixed-100/100ms,0,success,16645,55.1,100,0,0,0,0,,,,,100,49.963158,0,16645:success:ended:resting:49.963:0
before,saba,fixed-100/100ms,175,success,16800,50.05,100,0,0,0,0,,,,,100,43.673158,0,16800:success:ended:resting:43.673:0
before,saba,fixed-100/100ms,425,success,17095,45.75,100,0,0,0,0,,,,,100,39.453158,0,17095:success:ended:resting:39.453:0
before,saba,fixed-50/150ms,0,success,33830,21,100,0,0,0,0,,,,,100,1.526316,0,33830:success:ended:resting:1.526:0
before,saba,fixed-50/150ms,175,success,34780,20,100,0,0,0,0,,,,,100,0.023158,0,34780:success:ended:resting:0.023:0
before,saba,fixed-50/150ms,425,success,35050,20,100,0,0,0,0,,,,,100,0.463158,0,35050:success:ended:resting:0.463:0
before,saba,fixed-150/50ms,0,success,10710,100,100,125.862,2583.503,27,26,5475,5555,,,100,100,37.157895,5475:start:struggling:winding:100:2.586;5550:release:struggling:resting:100:77.586;5555:clear:struggling:resting:99.86:0;5600:press:struggling:winding:98.6:0;5625:start:struggling:winding:100:0.862;5750:release:struggling:resting:100:125.862;5755:clear:struggling:resting:99.86:0;5800:press:struggling:winding:98.6:0;10710:success:ended:resting:100:37.158
before,saba,fixed-150/50ms,175,success,10885,100,100,125.862,2518.675,27,26,5670,5730,,,100,100,37.157895,5670:start:struggling:winding:100:3.621;5725:release:struggling:resting:100:58.621;5730:clear:struggling:resting:99.86:0;5775:press:struggling:winding:98.6:0;5800:start:struggling:winding:100:0.862;5925:release:struggling:resting:100:125.862;5930:clear:struggling:resting:99.86:0;5975:press:struggling:winding:98.6:0;10885:success:ended:resting:100:37.158
before,saba,fixed-150/50ms,425,success,11360,100,100,125.862,2614.906,28,27,5910,5980,,,100,100,74.906433,5910:start:struggling:winding:100:3.966;5975:release:struggling:resting:100:68.966;5980:clear:struggling:resting:99.86:0;6025:press:struggling:winding:98.6:0;6050:start:struggling:winding:100:0.862;6175:release:struggling:resting:100:125.862;6180:clear:struggling:resting:99.86:0;6225:press:struggling:winding:98.6:0;11360:success:ended:resting:100:74.906
before,saba,fixed-200/200ms,0,success,16545,57.1,100,0,0,0,0,,,,,100,52.763158,0,16545:success:ended:resting:52.763:0
before,saba,fixed-200/200ms,175,success,16765,55.7,100,0,0,0,0,,,,,100,50.643158,0,16765:success:ended:resting:50.643:0
before,saba,fixed-200/200ms,425,success,17015,48.7,100,0,0,0,0,,,,,100,43.643158,0,17015:success:ended:resting:43.643:0
before,saba,fixed-500/50ms,0,success,9480,100,100,475.862,5221.848,13,12,3035,3255,,,100,100,105.019964,3035:start:struggling:winding:100:2.241;3250:release:calm:resting:100:217.241;3255:clear:calm:resting:99.86:0;3300:press:calm:winding:98.6:0;3375:start:calm:winding:100:5;3670:300ms:calm:winding:100:300;3800:release:calm:resting:100:430;3805:clear:calm:resting:99.86:0;9480:success:ended:resting:100:105.02
before,saba,fixed-500/50ms,175,success,9655,100,100,475.862,5090.244,13,12,3315,3430,,,100,100,59.157895,3315:start:calm:winding:100:2.5;3425:release:calm:resting:100:112.5;3430:clear:calm:resting:99.86:0;3475:press:calm:winding:98.6:0;3550:start:calm:winding:100:5;3845:300ms:calm:winding:100:300;3975:release:calm:resting:100:430;3980:clear:calm:resting:99.86:0;9655:success:ended:resting:100:59.158
before,saba,fixed-500/50ms,425,success,9900,100,100,475.862,4778.382,12,11,4000,4230,,,100,100,53.657895,4000:start:calm:winding:100:2.5;4225:release:calm:resting:100:227.5;4230:clear:calm:resting:99.86:0;4275:press:calm:winding:98.6:0;4350:start:calm:winding:100:5;4645:300ms:warning:winding:100:300;4775:release:warning:resting:100:430;4780:clear:warning:resting:99.86:0;9900:success:ended:resting:100:53.658
before,saba,fixed-20/500ms,0,undecided,180000,20.4,79.715,0,0,0,0,,,,,79.7145,0,0,180000:undecided:calm:resting:0:0
before,saba,fixed-20/500ms,175,undecided,180000,20,80.777,0,0,0,0,,,,,80.7766,0,0,180000:undecided:calm:resting:0:0
before,saba,fixed-20/500ms,425,undecided,180000,20,80.014,0,0,0,0,,,,,80.01375,0,0,180000:undecided:calm:resting:0:0
before,saba,fixed-500/500ms,0,success,16430,66.25,100,0,0,0,0,,,,,100,60.763158,0,16430:success:ended:resting:60.763:0
before,saba,fixed-500/500ms,175,success,16420,56.675,100,0,0,0,0,,,,,100,47.503158,0,16420:success:ended:resting:47.503:0
before,saba,fixed-500/500ms,425,success,16630,50.825,100,0,0,0,0,,,,,100,40.883158,0,16630:success:ended:resting:40.883:0
before,saba,boundary-100/299ms,0,success,33521,22,100,0,0,0,0,,,,,100,0.032105,0,33521:success:ended:resting:0.032:0
before,saba,boundary-100/299ms,175,success,33746,20,100,0,0,0,0,,,,,100,1.364327,0,33746:success:ended:resting:1.364:0
before,saba,boundary-100/299ms,425,success,34759,20,100,0,0,0,0,,,,,100,0.380758,0,34759:success:ended:resting:0.381:0
before,saba,boundary-100/300ms,0,success,32900,22,100,0,0,0,0,,,,,100,1.983158,0,32900:success:ended:resting:1.983:0
before,saba,boundary-100/300ms,175,success,35015,20,100,0,0,0,0,,,,,100,0.783158,0,35015:success:ended:resting:0.783:0
before,saba,boundary-100/300ms,425,success,34105,20,100,0,0,0,0,,,,,100,4.426316,0,34105:success:ended:resting:4.426:0
before,saba,boundary-100/301ms,0,success,32957,22,100,0,0,0,0,,,,,100,1.453216,0,32957:success:ended:resting:1.453:0
before,saba,boundary-100/301ms,175,success,35072,20,100,0,0,0,0,,,,,100,0.167158,0,35072:success:ended:resting:0.167:0
before,saba,boundary-100/301ms,425,success,34921,20,100,0,0,0,0,,,,,100,0.134358,0,34921:success:ended:resting:0.134:0
before,saba,near100-release10ms,0,line-break,4410,100,60.173,900,1600.517,2,1,2785,3490,700.517241,0,60.173,100,900,2785:start:struggling:winding:100:0.517;3085:300ms:struggling:winding:100:300.517;3385:600ms:calm:winding:100:600.517;3485:release:calm:resting:100:700.517;3490:clear:calm:resting:99.86:0;3495:after10ms:calm:resting:99.72:0;3495:press:calm:winding:99.72:0;3510:start:calm:winding:100:1;4410:line-break:ended:resting:100:900
before,saba,near100-release10ms,175,line-break,4555,100,59.603,900,1600.69,2,1,2930,3635,700.689655,0,59.603,100,900,2930:start:struggling:winding:100:0.69;3230:300ms:calm:winding:100:300.69;3530:600ms:calm:winding:100:600.69;3630:release:calm:resting:100:700.69;3635:clear:calm:resting:99.86:0;3640:after10ms:calm:resting:99.72:0;3640:press:calm:winding:99.72:0;3655:start:calm:winding:100:1;4555:line-break:ended:resting:100:900
before,saba,near100-release10ms,425,line-break,4765,100,57.129,900,1603.793,2,1,3140,3845,703.793103,0,57.1292,100,900,3140:start:struggling:winding:100:3.793;3440:300ms:calm:winding:100:303.793;3740:600ms:calm:winding:100:603.793;3840:release:calm:resting:100:703.793;3845:clear:calm:resting:99.86:0;3850:after10ms:calm:resting:99.72:0;3850:press:calm:winding:99.72:0;3865:start:calm:winding:100:1;4765:line-break:ended:resting:100:900
before,tai,held,0,line-break,4055,100,36.07,900,900,1,0,3155,,,,36.070462,100,900,3155:start:struggling:winding:100:1.154;3455:300ms:struggling:winding:100:301.154;3755:600ms:struggling:winding:100:601.154;4055:line-break:ended:resting:100:900
before,tai,held,175,line-break,4190,100,33.842,900,900,1,0,3290,,,,33.842092,100,900,3290:start:struggling:winding:100:4.231;3590:300ms:struggling:winding:100:304.231;3890:600ms:struggling:winding:100:604.231;4190:line-break:ended:resting:100:900
before,tai,held,425,line-break,4375,100,30.659,900,900,1,0,3475,,,,30.658708,100,900,3475:start:struggling:winding:100:0.769;3775:300ms:struggling:winding:100:300.769;4075:600ms:struggling:winding:100:600.769;4375:line-break:ended:resting:100:900
before,tai,adaptive-0ms,0,success,14945,62,100,0,0,0,0,,,,,100,24,0,14945:success:ended:resting:24:0
before,tai,adaptive-0ms,175,success,15120,53.425,100,0,0,0,0,,,,,100,27.675,0,15120:success:ended:resting:27.675:0
before,tai,adaptive-0ms,425,success,15370,42,100,0,0,0,0,,,,,100,32.925,0,15370:success:ended:resting:32.925:0
before,tai,adaptive-150ms,0,success,15345,58.85,100,0,0,0,0,,,,,100,29.1975,0,15345:success:ended:resting:29.198:0
before,tai,adaptive-150ms,175,success,15520,50.275,100,0,0,0,0,,,,,100,32.8725,0,15520:success:ended:resting:32.873:0
before,tai,adaptive-150ms,425,success,15770,43.05,100,0,0,0,0,,,,,100,38.1225,0,15770:success:ended:resting:38.123:0
before,tai,adaptive-200ms,0,success,15475,57.8,100,0,0,0,0,,,,,100,30.93,0,15475:success:ended:resting:30.93:0
before,tai,adaptive-200ms,175,success,15650,49.225,100,0,0,0,0,,,,,100,34.605,0,15650:success:ended:resting:34.605:0
before,tai,adaptive-200ms,425,success,18610,43.4,100,0,0,0,0,,,,,100,0.165,0,18610:success:ended:resting:0.165:0
before,tai,adaptive-250ms,0,success,15610,56.75,100,0,0,0,0,,,,,100,32.6625,0,15610:success:ended:resting:32.663:0
before,tai,adaptive-250ms,175,success,15785,48.175,100,0,0,0,0,,,,,100,36.3375,0,15785:success:ended:resting:36.338:0
before,tai,adaptive-250ms,425,success,18770,43.75,100,0,0,0,0,,,,,100,2.475,0,18770:success:ended:resting:2.475:0
before,tai,fixed-50/50ms,0,success,24040,100,100,28.462,529.231,20,20,17740,17755,,,100,95.895,0,17740:start:struggling:winding:100:0.769;17750:release:struggling:resting:100:10.769;17755:clear:struggling:resting:99.86:0;17800:press:struggling:winding:98.6:0;17825:start:struggling:winding:100:3.462;17850:release:struggling:resting:100:28.462;17855:clear:struggling:resting:99.86:0;17900:press:struggling:winding:98.6:0;24040:success:ended:resting:95.895:0
before,tai,fixed-50/50ms,175,success,24215,100,100,28.462,493.077,18,18,18015,18030,,,100,95.545,0,17925:release:struggling:resting:99.1:0;17975:press:struggling:winding:97.7:0;18015:start:struggling:winding:100:4.615;18025:release:struggling:resting:100:14.615;18030:clear:struggling:resting:99.86:0;18075:press:struggling:winding:98.6:0;18100:start:struggling:winding:100:3.462;18125:release:struggling:resting:100:28.462;24215:success:ended:resting:95.545:0
before,tai,fixed-50/50ms,425,success,24465,100,100,28.462,367.692,14,14,18360,18380,,,100,94.495,0,18275:release:struggling:resting:99.45:0;18325:press:struggling:winding:98.05:0;18360:start:struggling:winding:100:5;18375:release:struggling:resting:100:20;18380:clear:struggling:resting:99.86:0;18425:press:calm:winding:98.6:0;18475:release:calm:resting:99.65:0;18525:press:calm:winding:98.25:0;24465:success:ended:resting:94.495:0
before,tai,fixed-100/100ms,0,success,24040,100,100,56.923,550.769,11,11,17670,17705,,,100,94.495,0,17670:start:struggling:winding:100:2.308;17700:release:struggling:resting:100:32.308;17705:clear:struggling:resting:99.86:0;17800:press:struggling:winding:97.2:0;17845:start:struggling:winding:100:1.923;17900:release:struggling:resting:100:56.923;17905:clear:struggling:resting:99.86:0;18000:press:struggling:winding:97.2:0;24040:success:ended:resting:94.495:0
before,tai,fixed-100/100ms,175,success,24215,100,100,56.923,501.172,11,11,17870,17880,,,100,94.495,0,17870:start:struggling:winding:100:2.692;17875:release:struggling:resting:100:7.692;17880:clear:struggling:resting:99.86:0;17975:press:struggling:winding:97.2:0;18020:start:struggling:winding:100:1.923;18075:release:struggling:resting:100:56.923;18080:clear:struggling:resting:99.86:0;18175:press:struggling:winding:97.2:0;24215:success:ended:resting:94.495:0
before,tai,fixed-100/100ms,425,success,24465,100,100,56.923,389.231,8,8,18285,18330,,,100,93.095,0,18125:release:struggling:resting:99:0;18225:press:struggling:winding:96.2:0;18285:start:struggling:winding:100:1.538;18325:release:struggling:resting:100:41.538;18330:clear:struggling:resting:99.86:0;18425:press:calm:winding:97.2:0;18525:release:calm:resting:99.3:0;18625:press:calm:winding:96.5:0;24465:success:ended:resting:93.095:0
before,tai,fixed-50/150ms,0,success,48235,21.05,100,0,0,0,0,,,,,100,0.955556,0,48235:success:ended:resting:0.956:0
before,tai,fixed-50/150ms,175,success,48590,20,100,0,0,0,0,,,,,100,0.411111,0,48590:success:ended:resting:0.411:0
before,tai,fixed-50/150ms,425,success,49840,20,100,0,0,0,0,,,,,100,0.735119,0,49840:success:ended:resting:0.735:0
before,tai,fixed-150/50ms,0,success,15350,100,100,128.462,5690.152,57,56,4105,4155,,,100,100,81.690476,4105:start:struggling:winding:100:1.154;4150:release:struggling:resting:100:46.154;4155:clear:struggling:resting:99.86:0;4200:press:struggling:winding:98.6:0;4225:start:struggling:winding:100:3.462;4350:release:struggling:resting:100:128.462;4355:clear:struggling:resting:99.86:0;4400:press:struggling:winding:98.6:0;15350:success:ended:resting:100:81.69
before,tai,fixed-150/50ms,175,success,15525,100,100,128.462,5748.678,57,56,4270,4330,,,100,100,81.690476,4270:start:struggling:winding:100:0.385;4325:release:struggling:resting:100:55.385;4330:clear:struggling:resting:99.86:0;4375:press:struggling:winding:98.6:0;4400:start:struggling:winding:100:3.462;4525:release:struggling:resting:100:128.462;4530:clear:struggling:resting:99.86:0;4575:press:struggling:winding:98.6:0;15525:success:ended:resting:100:81.69
before,tai,fixed-150/50ms,425,success,15775,100,100,128.462,5619.896,57,56,4510,4580,,,100,100,81.690476,4510:start:struggling:winding:100:1.154;4575:release:struggling:resting:100:66.154;4580:clear:struggling:resting:99.86:0;4625:press:calm:winding:98.6:0;4695:start:calm:winding:100:3.333;4775:release:calm:resting:100:83.333;4780:clear:calm:resting:99.86:0;4825:press:calm:winding:98.6:0;15775:success:ended:resting:100:81.69
before,tai,fixed-200/200ms,0,success,24095,100,100,113.846,593.846,7,7,17385,17405,,,100,93.55,0,17385:start:struggling:winding:100:3.462;17400:release:struggling:resting:100:18.462;17405:clear:struggling:resting:99.86:0;17600:press:struggling:winding:94.4:0;17690:start:struggling:winding:100:3.846;17800:release:struggling:resting:100:113.846;17805:clear:struggling:resting:99.86:0;18000:press:struggling:winding:94.4:0;24095:success:ended:resting:93.55:0
before,tai,fixed-200/200ms,175,success,23975,100,100,113.846,504.231,5,5,17920,17980,,,100,96.82875,0,17920:start:struggling:winding:100:1.923;17975:release:struggling:resting:100:56.923;17980:clear:struggling:resting:99.86:0;18175:press:struggling:winding:94.4:0;18265:start:struggling:winding:100:3.846;18375:release:struggling:resting:100:113.846;18380:clear:struggling:resting:99.86:0;18575:press:calm:winding:94.4:0;23975:success:ended:resting:96.829:0
before,tai,fixed-200/200ms,425,success,24505,100,100,113.846,446.538,5,5,18145,18230,,,100,91.86125,0,18145:start:struggling:winding:100:4.615;18225:release:struggling:resting:100:84.615;18230:clear:struggling:resting:99.86:0;18425:press:calm:winding:94.4:0;21805:start:struggling:winding:100:0.385;21825:release:struggling:resting:100:20.385;21830:clear:struggling:resting:99.86:0;22025:press:struggling:winding:94.4:0;24505:success:ended:resting:91.861:0
before,tai,fixed-500/50ms,0,success,13145,100,100,478.462,8074.13,18,17,3425,3805,,,100,100,473.104396,3425:start:struggling:winding:100:0.385;3725:300ms:struggling:winding:100:300.385;3800:release:struggling:resting:100:375.385;3805:clear:struggling:resting:99.86:0;3850:press:struggling:winding:98.6:0;3875:start:struggling:winding:100:3.462;4175:300ms:struggling:winding:100:303.462;4350:release:struggling:resting:100:478.462;13145:success:ended:resting:100:473.104
before,tai,fixed-500/50ms,175,success,13860,100,100,478.462,8623.261,19,18,3560,3980,,,100,100,461.818681,3560:start:struggling:winding:100:3.462;3860:300ms:struggling:winding:100:303.462;3975:release:struggling:resting:100:418.462;3980:clear:struggling:resting:99.86:0;4025:press:struggling:winding:98.6:0;4050:start:struggling:winding:100:3.462;4350:300ms:struggling:winding:100:303.462;4525:release:struggling:resting:100:478.462;13860:success:ended:resting:100:461.819
before,tai,fixed-500/50ms,425,success,14105,100,100,478.462,8575.678,19,18,3780,4230,,,100,100,456.318681,3780:start:struggling:winding:100:1.154;4080:300ms:struggling:winding:100:301.154;4225:release:struggling:resting:100:446.154;4230:clear:struggling:resting:99.86:0;4275:press:struggling:winding:98.6:0;4300:start:struggling:winding:100:3.462;4600:300ms:calm:winding:100:303.462;4775:release:calm:resting:100:478.462;14105:success:ended:resting:100:456.319
before,tai,fixed-20/500ms,0,undecided,180000,20.42,56.042,0,0,0,0,,,,,56.042,0,0,180000:undecided:calm:resting:0:0
before,tai,fixed-20/500ms,175,undecided,180000,20,55.762,0,0,0,0,,,,,55.762,0,0,180000:undecided:calm:resting:0:0
before,tai,fixed-20/500ms,425,undecided,180000,20,55.762,0,0,0,0,,,,,55.762,0,0,180000:undecided:calm:resting:0:0
before,tai,fixed-500/500ms,0,success,24040,100,100,284.615,790.769,4,4,13420,13505,,,100,83.295,0,13420:start:struggling:winding:100:4.615;13500:release:struggling:resting:100:84.615;13505:clear:struggling:resting:99.86:0;14000:press:calm:winding:86:0;17325:start:struggling:winding:100:1.923;17500:release:struggling:resting:100:176.923;17505:clear:struggling:resting:99.86:0;18000:press:struggling:winding:86:0;24040:success:ended:resting:83.295:0
before,tai,fixed-500/500ms,175,success,24215,100,100,284.615,833.846,5,5,13670,13680,,,100,83.295,0,13670:start:struggling:winding:100:4.231;13675:release:struggling:resting:100:9.231;13680:clear:struggling:resting:99.86:0;14175:press:calm:winding:86:0;17500:start:struggling:winding:100:1.923;17675:release:struggling:resting:100:176.923;17680:clear:struggling:resting:99.86:0;18175:press:struggling:winding:86:0;24215:success:ended:resting:83.295:0
before,tai,fixed-500/500ms,425,success,24465,100,100,284.615,540,3,3,17850,17930,,,100,83.295,0,17850:start:struggling:winding:100:3.462;17925:release:struggling:resting:100:78.462;17930:clear:struggling:resting:99.86:0;18425:press:calm:winding:86:0;21750:start:struggling:winding:100:1.923;21925:release:struggling:resting:100:176.923;21930:clear:struggling:resting:99.86:0;22425:press:struggling:winding:86:0;24465:success:ended:resting:83.295:0
before,tai,boundary-100/299ms,0,success,47965,22.1,100,0,0,0,0,,,,,100,1.77213,0,47965:success:ended:resting:1.772:0
before,tai,boundary-100/299ms,175,success,48130,20,100,0,0,0,0,,,,,100,2.088622,0,48130:success:ended:resting:2.089:0
before,tai,boundary-100/299ms,425,success,48799,20,100,0,0,0,0,,,,,100,2.553422,0,48799:success:ended:resting:2.553:0
before,tai,boundary-100/300ms,0,success,48085,22.1,100,0,0,0,0,,,,,100,2.355556,0,48085:success:ended:resting:2.356:0
before,tai,boundary-100/300ms,175,success,48260,20,100,0,0,0,0,,,,,100,2.355556,0,48260:success:ended:resting:2.356:0
before,tai,boundary-100/300ms,425,success,49250,20,100,0,0,0,0,,,,,100,1.547619,0,49250:success:ended:resting:1.548:0
before,tai,boundary-100/301ms,0,success,48210,22.1,100,0,0,0,0,,,,,100,2.465067,0,48210:success:ended:resting:2.465:0
before,tai,boundary-100/301ms,175,success,48385,20,100,0,0,0,0,,,,,100,2.444533,0,48385:success:ended:resting:2.445:0
before,tai,boundary-100/301ms,425,success,49823,20,100,0,0,0,0,,,,,100,4.819286,0,49823:success:ended:resting:4.819:0
before,tai,near100-release10ms,0,line-break,4770,100,39.342,900,1601.154,2,1,3155,3860,701.153846,0,39.341508,100,900,3155:start:struggling:winding:100:1.154;3455:300ms:struggling:winding:100:301.154;3755:600ms:struggling:winding:100:601.154;3855:release:struggling:resting:100:701.154;3860:clear:struggling:resting:99.86:0;3865:after10ms:struggling:resting:99.72:0;3865:press:struggling:winding:99.72:0;3870:start:struggling:winding:100:0.692;4770:line-break:ended:resting:100:900
before,tai,near100-release10ms,175,line-break,4905,100,38.782,900,1604.231,2,1,3290,3995,704.230769,0,38.781508,100,900,3290:start:struggling:winding:100:4.231;3590:300ms:struggling:winding:100:304.231;3890:600ms:struggling:winding:100:604.231;3990:release:struggling:resting:100:704.231;3995:clear:struggling:resting:99.86:0;4000:after10ms:struggling:resting:99.72:0;4000:press:struggling:winding:99.72:0;4005:start:struggling:winding:100:0.692;4905:line-break:ended:resting:100:900
before,tai,near100-release10ms,425,line-break,5090,100,37.872,900,1600.769,2,1,3475,4180,700.769231,0,37.871508,100,900,3475:start:struggling:winding:100:0.769;3775:300ms:struggling:winding:100:300.769;4075:600ms:struggling:winding:100:600.769;4175:release:struggling:resting:100:700.769;4180:clear:struggling:resting:99.86:0;4185:after10ms:struggling:resting:99.72:0;4185:press:struggling:winding:99.72:0;4190:start:struggling:winding:100:0.692;5090:line-break:ended:resting:100:900
before,maguro,held,0,line-break,3885,100,29.15,900,900,1,0,2985,,,,29.15016,100,900,2985:start:struggling:winding:100:4.333;3285:300ms:struggling:winding:100:304.333;3585:600ms:struggling:winding:100:604.333;3885:line-break:ended:resting:100:900
before,maguro,held,175,line-break,4005,100,27.225,900,900,1,0,3105,,,,27.22488,100,900,3105:start:struggling:winding:100:3;3405:300ms:struggling:winding:100:303;3705:600ms:struggling:winding:100:603;4005:line-break:ended:resting:100:900
before,maguro,held,425,line-break,4180,100,24.474,900,900,1,0,3280,,,,24.47448,100,900,3280:start:struggling:winding:100:4.667;3580:300ms:struggling:winding:100:304.667;3880:600ms:struggling:winding:100:604.667;4180:line-break:ended:resting:100:900
before,maguro,adaptive-0ms,0,success,21335,63.2,100,0,0,0,0,,,,,100,27.2,0,21335:success:ended:resting:27.2:0
before,maguro,adaptive-0ms,175,success,21510,54.1,100,0,0,0,0,,,,,100,31.4,0,21510:success:ended:resting:31.4:0
before,maguro,adaptive-0ms,425,success,21760,43.2,100,0,0,0,0,,,,,100,37.4,0,21760:success:ended:resting:37.4:0
before,maguro,adaptive-150ms,0,success,21815,59.9,100,0,0,0,0,,,,,100,35.12,0,21815:success:ended:resting:35.12:0
before,maguro,adaptive-150ms,175,success,21990,50.8,100,0,0,0,0,,,,,100,39.32,0,21990:success:ended:resting:39.32:0
before,maguro,adaptive-150ms,425,success,25575,44.1,100,0,0,0,0,,,,,100,4.1,0,25575:success:ended:resting:4.1:0
before,maguro,adaptive-200ms,0,success,21975,58.8,100,0,0,0,0,,,,,100,37.76,0,21975:success:ended:resting:37.76:0
before,maguro,adaptive-200ms,175,success,25510,49.7,100,0,0,0,0,,,,,100,1.4,0,25510:success:ended:resting:1.4:0
before,maguro,adaptive-200ms,425,success,25760,44.4,100,0,0,0,0,,,,,100,7.4,0,25760:success:ended:resting:7.4:0
before,maguro,adaptive-250ms,0,success,25525,57.7,100,0,0,0,0,,,,,100,0.5,0,25525:success:ended:resting:0.5:0
before,maguro,adaptive-250ms,175,success,25700,48.6,100,0,0,0,0,,,,,100,4.7,0,25700:success:ended:resting:4.7:0
before,maguro,adaptive-250ms,425,success,25950,44.7,100,0,0,0,0,,,,,100,10.7,0,25950:success:ended:resting:10.7:0
before,maguro,fixed-50/50ms,0,success,31525,100,100,31.333,2704,87,87,9440,9455,,,100,96.796,0,9440:start:struggling:winding:100:4.667;9450:release:struggling:resting:100:14.667;9455:clear:struggling:resting:99.86:0;9500:press:struggling:winding:98.6:0;9520:start:struggling:winding:100:1.333;9550:release:struggling:resting:100:31.333;9555:clear:struggling:resting:99.86:0;9600:press:struggling:winding:98.6:0;31525:success:ended:resting:96.796:0
before,maguro,fixed-50/50ms,175,success,31700,100,100,31.333,2692.333,88,88,9625,9630,,,100,96.596,0,9625:start:struggling:winding:100:0.333;9625:release:struggling:resting:100:0.333;9630:clear:struggling:resting:99.86:0;9675:press:struggling:winding:98.6:0;9695:start:struggling:winding:100:1.333;9725:release:struggling:resting:100:31.333;9730:clear:struggling:resting:99.86:0;9775:press:struggling:winding:98.6:0;31700:success:ended:resting:96.596:0
before,maguro,fixed-50/50ms,425,success,31950,100,100,31.333,2590,84,84,9955,9980,,,100,95.996,0,9875:release:struggling:resting:99.4:0;9925:press:struggling:winding:98:0;9955:start:struggling:winding:100:3.333;9975:release:struggling:resting:100:23.333;9980:clear:struggling:resting:99.86:0;10025:press:struggling:winding:98.6:0;10045:start:struggling:winding:100:1.333;10075:release:struggling:resting:100:31.333;31950:success:ended:resting:95.996:0
before,maguro,fixed-100/100ms,0,success,31620,100,100,62.667,2788,47,47,9300,9305,,,100,95.252,0,9300:start:struggling:winding:100:2;9300:release:struggling:resting:100:2;9305:clear:struggling:resting:99.86:0;9400:press:struggling:winding:97.2:0;9440:start:struggling:winding:100:2.667;9500:release:struggling:resting:100:62.667;9505:clear:struggling:resting:99.86:0;9600:press:struggling:winding:97.2:0;31620:success:ended:resting:95.252:0
before,maguro,fixed-100/100ms,175,success,31785,100,100,62.667,2733.792,47,47,9475,9480,,,100,94.522,0,9475:start:struggling:winding:100:2.667;9475:release:struggling:resting:100:2.667;9480:clear:struggling:resting:99.86:0;9575:press:struggling:winding:97.2:0;9615:start:struggling:winding:100:2.667;9675:release:struggling:resting:100:62.667;9680:clear:struggling:resting:99.86:0;9775:press:struggling:winding:97.2:0;31785:success:ended:resting:94.522:0
before,maguro,fixed-100/100ms,425,success,31915,100,100,62.667,2632.792,45,45,9900,9930,,,100,96.526,0,9900:start:struggling:winding:100:2;9925:release:struggling:resting:100:27;9930:clear:struggling:resting:99.86:0;10025:press:struggling:winding:97.2:0;10065:start:struggling:winding:100:2.667;10125:release:calm:resting:100:62.667;10130:clear:calm:resting:99.86:0;10225:press:calm:winding:97.2:0;31915:success:ended:resting:96.526:0
before,maguro,fixed-50/150ms,0,success,64835,21.2,100,0,0,0,0,,,,,100,2.395833,0,64835:success:ended:resting:2.396:0
before,maguro,fixed-50/150ms,175,success,65790,20,100,0,0,0,0,,,,,100,0.242,0,65790:success:ended:resting:0.242:0
before,maguro,fixed-50/150ms,425,success,66030,20,100,0,0,0,0,,,,,100,0.044,0,66030:success:ended:resting:0.044:0
before,maguro,fixed-150/50ms,0,success,21025,100,100,131.333,9580,86,86,3830,3955,,,100,99.196,0,3750:release:struggling:resting:99.2:0;3800:press:struggling:winding:97.8:0;3830:start:struggling:winding:100:0.667;3950:release:struggling:resting:100:120.667;3955:clear:struggling:resting:99.86:0;4000:press:struggling:winding:98.6:0;4020:start:struggling:winding:100:1.333;4150:release:struggling:resting:100:131.333;21025:success:ended:resting:99.196:0
before,maguro,fixed-150/50ms,175,success,21200,100,100,131.333,9598,87,87,3905,3930,,,100,99.196,0,3905:start:struggling:winding:100:4;3925:release:struggling:resting:100:24;3930:clear:struggling:resting:99.86:0;3975:press:struggling:winding:98.6:0;3995:start:struggling:winding:100:1.333;4125:release:struggling:resting:100:131.333;4130:clear:struggling:resting:99.86:0;4175:press:struggling:winding:98.6:0;21200:success:ended:resting:99.196:0
before,maguro,fixed-150/50ms,425,success,21450,100,100,131.333,9579,87,87,4130,4180,,,100,99.196,0,4130:start:struggling:winding:100:4.667;4175:release:struggling:resting:100:49.667;4180:clear:struggling:resting:99.86:0;4225:press:struggling:winding:98.6:0;4245:start:struggling:winding:100:1.333;4375:release:struggling:resting:100:131.333;4380:clear:struggling:resting:99.86:0;4425:press:struggling:winding:98.6:0;21450:success:ended:resting:99.196:0
before,maguro,fixed-200/200ms,0,success,31375,100,100,125.333,2874.917,25,25,9305,9405,,,100,96.996,0,9305:start:struggling:winding:100:3;9400:release:struggling:resting:100:98;9405:clear:struggling:resting:99.86:0;9600:press:struggling:winding:94.4:0;9675:start:struggling:winding:100:0.333;9800:release:struggling:resting:100:125.333;9805:clear:struggling:resting:99.86:0;10000:press:struggling:winding:94.4:0;31375:success:ended:resting:96.996:0
before,maguro,fixed-200/200ms,175,success,31575,100,100,125.333,2790.458,25,25,9520,9580,,,100,97.524,0,9520:start:struggling:winding:100:0.667;9575:release:struggling:resting:100:55.667;9580:clear:struggling:resting:99.86:0;9775:press:struggling:winding:94.4:0;9850:start:struggling:winding:100:0.333;9975:release:struggling:resting:100:125.333;9980:clear:struggling:resting:99.86:0;10175:press:calm:winding:94.4:0;31575:success:ended:resting:97.524:0
before,maguro,fixed-200/200ms,425,success,31800,100,100,125.333,2724.792,24,24,9735,9830,,,100,96.196,0,9735:start:struggling:winding:100:4.333;9825:release:struggling:resting:100:94.333;9830:clear:struggling:resting:99.86:0;10025:press:struggling:winding:94.4:0;10100:start:calm:winding:100:0.333;10225:release:calm:resting:100:125.333;10230:clear:calm:resting:99.86:0;10425:press:calm:winding:94.4:0;31800:success:ended:resting:96.196:0
before,maguro,fixed-500/50ms,0,success,16585,100,100,481.333,11234.167,26,25,3165,3255,,,100,100,23.5,3165:start:struggling:winding:100:3;3250:release:struggling:resting:100:88;3255:clear:struggling:resting:99.86:0;3300:press:struggling:winding:98.6:0;3320:start:struggling:winding:100:1.333;3620:300ms:struggling:winding:100:301.333;3800:release:struggling:resting:100:481.333;3805:clear:struggling:resting:99.86:0;16585:success:ended:resting:100:23.5
before,maguro,fixed-500/50ms,175,success,16790,100,100,481.333,11276.417,26,25,3290,3430,,,100,100,53.75,3290:start:struggling:winding:100:4.667;3425:release:struggling:resting:100:139.667;3430:clear:struggling:resting:99.86:0;3475:press:struggling:winding:98.6:0;3495:start:struggling:winding:100:1.333;3795:300ms:struggling:winding:100:301.333;3975:release:struggling:resting:100:481.333;3980:clear:struggling:resting:99.86:0;16790:success:ended:resting:100:53.75
before,maguro,fixed-500/50ms,425,success,17095,100,100,481.333,11385.296,26,25,3495,3680,,,100,100,117.962963,3495:start:struggling:winding:100:4.333;3675:release:struggling:resting:100:184.333;3680:clear:struggling:resting:99.86:0;3725:press:struggling:winding:98.6:0;3745:start:struggling:winding:100:1.333;4045:300ms:struggling:winding:100:301.333;4225:release:struggling:resting:100:481.333;4230:clear:struggling:resting:99.86:0;17095:success:ended:resting:100:117.963
before,maguro,fixed-20/500ms,0,undecided,180000,20.48,42.703,0,0,0,0,,,,,42.7032,0,0,180000:undecided:struggling:resting:0:0
before,maguro,fixed-20/500ms,175,undecided,180000,20,42.589,0,0,0,0,,,,,42.5886,0,0,180000:undecided:struggling:resting:0:0
before,maguro,fixed-20/500ms,425,undecided,180000,20,42.622,0,0,0,0,,,,,42.6216,0,0,180000:undecided:struggling:resting:0:0
before,maguro,fixed-500/500ms,0,success,31495,100,100,313.333,3781.25,15,15,8490,8505,,,100,97.876,0,8490:start:struggling:winding:100:4;8500:release:struggling:resting:100:14;8505:clear:struggling:resting:99.86:0;9000:press:struggling:winding:86:0;9190:start:struggling:winding:100:3.333;9490:300ms:struggling:winding:100:303.333;9500:release:struggling:resting:100:313.333;9505:clear:struggling:resting:99.86:0;31495:success:ended:resting:97.876:0
before,maguro,fixed-500/500ms,175,success,30630,100,100,313.333,2814.75,11,10,9450,9680,,,100,100,135.375,9450:start:struggling:winding:100:3;9675:release:struggling:resting:100:228;9680:clear:struggling:resting:99.86:0;10175:press:calm:winding:86:0;13405:start:struggling:winding:100:3.333;13675:release:struggling:resting:100:273.333;13680:clear:struggling:resting:99.86:0;14175:press:struggling:winding:86:0;30630:success:ended:resting:100:135.375
before,maguro,fixed-500/500ms,425,success,30815,100,100,313.333,2499.333,9,9,9775,9930,,,100,95.29,0,9775:start:struggling:winding:100:0.667;9925:release:struggling:resting:100:150.667;9930:clear:struggling:resting:99.86:0;10425:press:calm:winding:86:0;13650:start:struggling:winding:100:0.333;13925:release:struggling:resting:100:275.333;13930:clear:struggling:resting:99.86:0;14425:press:struggling:winding:86:0;30815:success:ended:resting:95.29:0
before,maguro,boundary-100/299ms,0,success,63506,22.4,100,0,0,0,0,,,,,100,1.907556,0,63506:success:ended:resting:1.908:0
before,maguro,boundary-100/299ms,175,success,65676,20,100,0,0,0,0,,,,,100,3.53252,0,65676:success:ended:resting:3.533:0
before,maguro,boundary-100/299ms,425,success,65906,20,100,0,0,0,0,,,,,100,0.96272,0,65906:success:ended:resting:0.963:0
before,maguro,boundary-100/300ms,0,success,64835,22.4,100,0,0,0,0,,,,,100,2.395833,0,64835:success:ended:resting:2.396:0
before,maguro,boundary-100/300ms,175,success,65780,20,100,0,0,0,0,,,,,100,0.044,0,65780:success:ended:resting:0.044:0
before,maguro,boundary-100/300ms,425,success,66030,20,100,0,0,0,0,,,,,100,0.044,0,66030:success:ended:resting:0.044:0
before,maguro,boundary-100/301ms,0,success,64576,22.4,100,0,0,0,0,,,,,100,1.095833,0,64576:success:ended:resting:1.096:0
before,maguro,boundary-100/301ms,175,success,65954,20,100,0,0,0,0,,,,,100,0.2816,0,65954:success:ended:resting:0.282:0
before,maguro,boundary-100/301ms,425,success,65863,20,100,0,0,0,0,,,,,100,1.69424,0,65863:success:ended:resting:1.694:0
before,maguro,near100-release10ms,0,line-break,4600,100,30.17,900,1604.333,2,1,2985,3690,704.333333,0,30.169776,100,900,2985:start:struggling:winding:100:4.333;3285:300ms:struggling:winding:100:304.333;3585:600ms:struggling:winding:100:604.333;3685:release:struggling:resting:100:704.333;3690:clear:struggling:resting:99.86:0;3695:after10ms:struggling:resting:99.72:0;3695:press:struggling:winding:99.72:0;3700:start:struggling:winding:100:1.267;4600:line-break:ended:resting:100:900
before,maguro,near100-release10ms,175,line-break,4720,100,28.243,900,1603,2,1,3105,3810,703,0,28.242576,100,900,3105:start:struggling:winding:100:3;3405:300ms:struggling:winding:100:303;3705:600ms:struggling:winding:100:603;3805:release:struggling:resting:100:703;3810:clear:struggling:resting:99.86:0;3815:after10ms:struggling:resting:99.72:0;3815:press:struggling:winding:99.72:0;3820:start:struggling:winding:100:1.267;4720:line-break:ended:resting:100:900
before,maguro,near100-release10ms,425,line-break,4895,100,25.495,900,1604.667,2,1,3280,3985,704.666667,0,25.494576,100,900,3280:start:struggling:winding:100:4.667;3580:300ms:struggling:winding:100:304.667;3880:600ms:struggling:winding:100:604.667;3980:release:struggling:resting:100:704.667;3985:clear:struggling:resting:99.86:0;3990:after10ms:struggling:resting:99.72:0;3990:press:struggling:winding:99.72:0;3995:start:struggling:winding:100:1.267;4895:line-break:ended:resting:100:900
before,gold,held,0,line-break,3570,100,29.016,900,900,1,0,2670,,,,29.016,100,900,2670:start:warning:winding:100:3.333;2970:300ms:struggling:winding:100:303.333;3270:600ms:struggling:winding:100:603.333;3570:line-break:ended:resting:100:900
before,gold,held,175,line-break,3755,100,27.034,900,900,1,0,2855,,,,27.034341,100,900,2855:start:struggling:winding:100:0.294;3155:300ms:struggling:winding:100:300.294;3455:600ms:struggling:winding:100:600.294;3755:line-break:ended:resting:100:900
before,gold,held,425,line-break,3915,100,24.032,900,900,1,0,3015,,,,24.032106,100,900,3015:start:struggling:winding:100:1.471;3315:300ms:struggling:winding:100:301.471;3615:600ms:struggling:winding:100:601.471;3915:line-break:ended:resting:100:900
before,gold,adaptive-0ms,0,success,22095,61.6,100,0,0,0,0,,,,,100,33.6,0,22095:success:ended:resting:33.6:0
before,gold,adaptive-0ms,175,success,22270,52.15,100,0,0,0,0,,,,,100,38.15,0,22270:success:ended:resting:38.15:0
before,gold,adaptive-0ms,425,success,26120,41.6,100,0,0,0,0,,,,,100,3.05,0,26120:success:ended:resting:3.05:0
before,gold,adaptive-150ms,0,success,26255,58.9,100,0,0,0,0,,,,,100,2.725,0,26255:success:ended:resting:2.725:0
before,gold,adaptive-150ms,175,success,26430,49.45,100,0,0,0,0,,,,,100,7.275,0,26430:success:ended:resting:7.275:0
before,gold,adaptive-150ms,425,success,26680,43.1,100,0,0,0,0,,,,,100,13.775,0,26680:success:ended:resting:13.775:0
before,gold,adaptive-200ms,0,success,26445,58,100,0,0,0,0,,,,,100,6.3,0,26445:success:ended:resting:6.3:0
before,gold,adaptive-200ms,175,success,26620,48.55,100,0,0,0,0,,,,,100,10.85,0,26620:success:ended:resting:10.85:0
before,gold,adaptive-200ms,425,success,26870,43.6,100,0,0,0,0,,,,,100,17.35,0,26870:success:ended:resting:17.35:0
before,gold,adaptive-250ms,0,success,26630,57.1,100,0,0,0,0,,,,,100,9.875,0,26630:success:ended:resting:9.875:0
before,gold,adaptive-250ms,175,success,26805,47.65,100,0,0,0,0,,,,,100,14.425,0,26805:success:ended:resting:14.425:0
before,gold,adaptive-250ms,425,success,27055,44.1,100,0,0,0,0,,,,,100,20.925,0,27055:success:ended:resting:20.925:0
before,gold,fixed-50/50ms,0,success,32010,100,100,33.529,4334.379,151,151,8130,8155,,,100,98.016,0,8050:release:struggling:resting:99.05:0;8100:press:struggling:winding:97.65:0;8130:start:struggling:winding:100:2.353;8150:release:struggling:resting:100:22.353;8155:clear:struggling:resting:99.86:0;8200:press:struggling:winding:98.6:0;8220:start:struggling:winding:100:3.529;8250:release:struggling:resting:100:33.529;32010:success:ended:resting:98.016:0
before,gold,fixed-50/50ms,175,success,32185,100,100,33.529,4355.065,154,154,8310,8330,,,100,97.916,0,8310:start:struggling:winding:100:1.765;8325:release:struggling:resting:100:16.765;8330:clear:struggling:resting:99.86:0;8375:press:struggling:winding:98.6:0;8395:start:struggling:winding:100:3.529;8425:release:struggling:resting:100:33.529;8430:clear:struggling:resting:99.86:0;8475:press:struggling:winding:98.6:0;32185:success:ended:resting:97.916:0
before,gold,fixed-50/50ms,425,success,32435,100,100,33.529,4199.085,147,147,8555,8580,,,100,97.616,0,8555:start:struggling:winding:100:1.176;8575:release:struggling:resting:100:21.176;8580:clear:struggling:resting:99.86:0;8625:press:struggling:winding:98.6:0;8645:start:struggling:winding:100:3.529;8675:release:struggling:resting:100:33.529;8680:clear:struggling:resting:99.86:0;8725:press:struggling:winding:98.6:0;32435:success:ended:resting:97.616:0
before,gold,fixed-100/100ms,0,success,32010,100,100,67.059,4350.85,76,76,8065,8105,,,100,96.616,0,8065:start:struggling:winding:100:3.824;8100:release:struggling:resting:100:38.824;8105:clear:struggling:resting:99.86:0;8200:press:struggling:winding:97.2:0;8235:start:struggling:winding:100:2.059;8300:release:struggling:resting:100:67.059;8305:clear:struggling:resting:99.86:0;8400:press:struggling:winding:97.2:0;32010:success:ended:resting:96.616:0
before,gold,fixed-100/100ms,175,success,32185,100,100,67.059,4460.192,80,80,8245,8280,,,100,96.616,0,8245:start:struggling:winding:100:3.235;8275:release:struggling:resting:100:33.235;8280:clear:struggling:resting:99.86:0;8375:press:struggling:winding:97.2:0;8410:start:struggling:winding:100:2.059;8475:release:struggling:resting:100:67.059;8480:clear:struggling:resting:99.86:0;8575:press:struggling:winding:97.2:0;32185:success:ended:resting:96.616:0
before,gold,fixed-100/100ms,425,success,32435,100,100,67.059,4215.556,74,74,8490,8530,,,100,96.216,0,8490:start:struggling:winding:100:2.647;8525:release:struggling:resting:100:37.647;8530:clear:struggling:resting:99.86:0;8625:press:struggling:winding:97.2:0;8660:start:struggling:winding:100:2.059;8725:release:struggling:resting:100:67.059;8730:clear:struggling:resting:99.86:0;8825:press:struggling:winding:97.2:0;32435:success:ended:resting:96.216:0
before,gold,fixed-50/150ms,0,success,64020,21.3,100,0,0,0,0,,,,,100,0.664615,0,64020:success:ended:resting:0.665:0
before,gold,fixed-50/150ms,175,success,64225,20,100,0,0,0,0,,,,,100,1.764615,0,64225:success:ended:resting:1.765:0
before,gold,fixed-50/150ms,425,success,64870,20,100,0,0,0,0,,,,,100,1.464615,0,64870:success:ended:resting:1.465:0
before,gold,fixed-150/50ms,0,success,21310,100,100,133.529,10556.814,90,89,3425,3555,,,100,100,54.461538,3350:release:struggling:resting:99.45:0;3400:press:struggling:winding:98.05:0;3425:start:struggling:winding:100:2.059;3550:release:struggling:resting:100:127.059;3555:clear:struggling:resting:99.86:0;3600:press:struggling:winding:98.6:0;3620:start:struggling:winding:100:3.529;3750:release:struggling:resting:100:133.529;21310:success:ended:resting:100:54.462
before,gold,fixed-150/50ms,175,success,21485,100,100,133.529,10633.99,91,90,3505,3530,,,100,100,54.461538,3505:start:struggling:winding:100:2.647;3525:release:struggling:resting:100:22.647;3530:clear:struggling:resting:99.86:0;3575:press:struggling:winding:98.6:0;3595:start:struggling:winding:100:3.529;3725:release:struggling:resting:100:133.529;3730:clear:struggling:resting:99.86:0;3775:press:struggling:winding:98.6:0;21485:success:ended:resting:100:54.462
before,gold,fixed-150/50ms,425,success,21735,100,100,133.529,10550.299,91,90,3715,3780,,,100,100,54.461538,3715:start:struggling:winding:100:1.765;3775:release:struggling:resting:100:61.765;3780:clear:struggling:resting:99.86:0;3825:press:struggling:winding:98.6:0;3845:start:struggling:winding:100:3.529;3975:release:struggling:resting:100:133.529;3980:clear:struggling:resting:99.86:0;4025:press:struggling:winding:98.6:0;21735:success:ended:resting:100:54.462
before,gold,fixed-200/200ms,0,success,32010,100,100,134.118,4390.196,39,39,7790,7805,,,100,93.816,0,7790:start:warning:winding:100:1.111;7800:release:warning:resting:100:11.111;7805:clear:warning:resting:99.86:0;8000:press:struggling:winding:94.4:0;8070:start:struggling:winding:100:4.118;8200:release:struggling:resting:100:134.118;8205:clear:struggling:resting:99.86:0;8400:press:struggling:winding:94.4:0;32010:success:ended:resting:93.816:0
before,gold,fixed-200/200ms,175,success,32185,100,100,134.118,4326.144,38,38,8295,8380,,,100,93.816,0,8295:start:struggling:winding:100:1.176;8375:release:struggling:resting:100:81.176;8380:clear:struggling:resting:99.86:0;8575:press:struggling:winding:94.4:0;8645:start:struggling:winding:100:4.118;8775:release:struggling:resting:100:134.118;8780:clear:struggling:resting:99.86:0;8975:press:struggling:winding:94.4:0;32185:success:ended:resting:93.816:0
before,gold,fixed-200/200ms,425,success,32435,100,100,134.118,4248.497,38,38,8225,8230,,,100,93.416,0,8225:start:struggling:winding:100:3.529;8225:release:struggling:resting:100:3.529;8230:clear:struggling:resting:99.86:0;8425:press:struggling:winding:94.4:0;8495:start:struggling:winding:100:4.118;8625:release:struggling:resting:100:134.118;8630:clear:struggling:resting:99.86:0;8825:press:struggling:winding:94.4:0;32435:success:ended:resting:93.416:0
before,gold,fixed-500/50ms,0,success,16765,100,100,483.529,11789.865,26,25,2925,3255,,,100,100,206.461538,2925:start:struggling:winding:100:5;3220:300ms:struggling:winding:100:300;3250:release:struggling:resting:100:330;3255:clear:struggling:resting:99.86:0;3300:press:struggling:winding:98.6:0;3320:start:struggling:winding:100:3.529;3620:300ms:struggling:winding:100:303.529;3800:release:struggling:resting:100:483.529;16765:success:ended:resting:100:206.462
before,gold,fixed-500/50ms,175,success,16905,100,100,483.529,11799.878,26,25,3065,3430,,,100,100,173.461538,3065:start:struggling:winding:100:5;3360:300ms:struggling:winding:100:300;3425:release:struggling:resting:100:365;3430:clear:struggling:resting:99.86:0;3475:press:struggling:winding:98.6:0;3495:start:struggling:winding:100:3.529;3795:300ms:struggling:winding:100:303.529;3975:release:struggling:resting:100:483.529;16905:success:ended:resting:100:173.462
before,gold,fixed-500/50ms,425,success,17200,100,100,483.529,11897.679,26,25,3220,3680,,,100,100,217.461538,3220:start:struggling:winding:100:1.176;3520:300ms:struggling:winding:100:301.176;3675:release:struggling:resting:100:456.176;3680:clear:struggling:resting:99.86:0;3725:press:struggling:winding:98.6:0;3745:start:struggling:winding:100:3.529;4045:300ms:struggling:winding:100:303.529;4225:release:struggling:resting:100:483.529;17200:success:ended:resting:100:217.462
before,gold,fixed-20/500ms,0,undecided,180000,20.52,48.864,0,0,0,0,,,,,48.8644,0.02,0,180000:undecided:struggling:resting:0.02:0
before,gold,fixed-20/500ms,175,undecided,180000,20,43.828,0,0,0,0,,,,,43.8282,0,0,180000:undecided:struggling:resting:0:0
before,gold,fixed-20/500ms,425,undecided,180000,20,40.825,0,0,0,0,,,,,40.8252,0,0,180000:undecided:struggling:resting:0:0
before,gold,fixed-500/500ms,0,success,31455,100,100,335.294,4787.435,20,19,5355,5505,,,100,100,288.60181,5355:start:calm:winding:100:1.154;5500:release:calm:resting:100:146.154;5505:clear:calm:resting:99.86:0;6000:press:calm:winding:86:0;6500:release:calm:resting:99:0;7000:press:warning:winding:85:0;7420:start:warning:winding:100:3.333;7500:release:warning:resting:100:83.333;31455:success:ended:resting:100:288.602
before,gold,fixed-500/500ms,175,success,31520,100,100,335.294,4492.467,18,18,8435,8680,,,100,96.3295,0,8435:start:struggling:winding:100:5;8675:release:struggling:resting:100:245;8680:clear:struggling:resting:99.86:0;9175:press:struggling:winding:86:0;9340:start:struggling:winding:100:0.294;9640:300ms:struggling:winding:100:300.294;9675:release:struggling:resting:100:335.294;9680:clear:struggling:resting:99.86:0;31520:success:ended:resting:96.33:0
before,gold,fixed-500/500ms,425,success,31925,100,100,335.294,4560.18,18,18,8665,8930,,,100,98.93,0,8665:start:struggling:winding:100:1.471;8925:release:struggling:resting:100:261.471;8930:clear:struggling:resting:99.86:0;9425:press:struggling:winding:86:0;9590:start:struggling:winding:100:0.294;9890:300ms:struggling:winding:100:300.294;9925:release:struggling:resting:100:335.294;9930:clear:struggling:resting:99.86:0;31925:success:ended:resting:98.93:0
before,gold,boundary-100/299ms,0,success,63905,22.6,100,0,0,0,0,,,,,100,1.56592,0,63905:success:ended:resting:1.566:0
before,gold,boundary-100/299ms,175,success,64035,20,100,0,0,0,0,,,,,100,0.664615,0,64035:success:ended:resting:0.665:0
before,gold,boundary-100/299ms,425,success,64699,20,100,0,0,0,0,,,,,100,1.218215,0,64699:success:ended:resting:1.218:0
before,gold,boundary-100/300ms,0,success,64020,22.6,100,0,0,0,0,,,,,100,0.664615,0,64020:success:ended:resting:0.665:0
before,gold,boundary-100/300ms,175,success,64195,20,100,0,0,0,0,,,,,100,0.664615,0,64195:success:ended:resting:0.665:0
before,gold,boundary-100/300ms,425,success,64870,20,100,0,0,0,0,,,,,100,1.464615,0,64870:success:ended:resting:1.465:0
before,gold,boundary-100/301ms,0,success,64180,22.6,100,0,0,0,0,,,,,100,0.664615,0,64180:success:ended:resting:0.665:0
before,gold,boundary-100/301ms,175,success,64360,20,100,0,0,0,0,,,,,100,0.770215,0,64360:success:ended:resting:0.77:0
before,gold,boundary-100/301ms,425,success,65031,20,100,0,0,0,0,,,,,100,1.464615,0,65031:success:ended:resting:1.465:0
before,gold,near100-release10ms,0,line-break,4285,100,30.118,900,1603.333,2,1,2670,3375,703.333333,0,30.118339,100,900,2670:start:warning:winding:100:3.333;2970:300ms:struggling:winding:100:303.333;3270:600ms:struggling:winding:100:603.333;3370:release:struggling:resting:100:703.333;3375:clear:struggling:resting:99.86:0;3380:after10ms:struggling:resting:99.72:0;3380:press:struggling:winding:99.72:0;3385:start:struggling:winding:100:1.706;4285:line-break:ended:resting:100:900
before,gold,near100-release10ms,175,line-break,4470,100,28.132,900,1600.294,2,1,2855,3560,700.294118,0,28.131939,100,900,2855:start:struggling:winding:100:0.294;3155:300ms:struggling:winding:100:300.294;3455:600ms:struggling:winding:100:600.294;3555:release:struggling:resting:100:700.294;3560:clear:struggling:resting:99.86:0;3565:after10ms:struggling:resting:99.72:0;3565:press:struggling:winding:99.72:0;3570:start:struggling:winding:100:1.706;4470:line-break:ended:resting:100:900
before,gold,near100-release10ms,425,line-break,4630,100,25.132,900,1601.471,2,1,3015,3720,701.470588,0,25.131539,100,900,3015:start:struggling:winding:100:1.471;3315:300ms:struggling:winding:100:301.471;3615:600ms:struggling:winding:100:601.471;3715:release:struggling:resting:100:701.471;3720:clear:struggling:resting:99.86:0;3725:after10ms:struggling:resting:99.72:0;3725:press:struggling:winding:99.72:0;3730:start:struggling:winding:100:1.706;4630:line-break:ended:resting:100:900
after,aji,held,0,line-break,5220,100,62.1,900,900,1,0,4325,,,,57.22,100,900,4325:start:struggling:winding:100:5;4620:300ms:struggling:winding:100:300;4920:600ms:struggling:winding:100:600;5220:line-break:ended:resting:100:900
after,aji,held,175,line-break,5270,100,58.95,900,900,1,0,4370,,,,53.874,100,900,4370:start:struggling:winding:100:1;4670:300ms:struggling:winding:100:301;4970:600ms:struggling:winding:100:601;5270:line-break:ended:resting:100:900
after,aji,held,425,line-break,5410,100,54.45,900,900,1,0,4510,,,,48.814,100,900,4510:start:struggling:winding:100:1;4810:300ms:struggling:winding:100:301;5110:600ms:struggling:winding:100:601;5410:line-break:ended:resting:100:900
after,aji,adaptive-0ms,0,success,8160,62,100,0,0,0,0,,,,,100,35.777778,0,8160:success:ended:resting:35.778:0
after,aji,adaptive-0ms,175,success,8335,59.55,100,0,0,0,0,,,,,100,38.227778,0,8335:success:ended:resting:38.228:0
after,aji,adaptive-0ms,425,success,8585,52.55,100,0,0,0,0,,,,,100,41.727778,0,8585:success:ended:resting:41.728:0
after,aji,adaptive-150ms,0,success,8390,63.2,100,0,0,0,0,,,,,100,36.932778,0,8390:success:ended:resting:36.933:0
after,aji,adaptive-150ms,175,success,8565,60.05,100,0,0,0,0,,,,,100,39.382778,0,8565:success:ended:resting:39.383:0
after,aji,adaptive-150ms,425,success,11500,49.55,100,0,0,0,0,,,,,100,2.037778,0,11500:success:ended:resting:2.038:0
after,aji,adaptive-200ms,0,success,8470,63.6,100,0,0,0,0,,,,,100,37.317778,0,8470:success:ended:resting:37.318:0
after,aji,adaptive-200ms,175,success,8695,59.05,100,0,0,0,0,,,,,100,41.182716,0,8695:success:ended:resting:41.183:0
after,aji,adaptive-200ms,425,success,11605,48.55,100,0,0,0,0,,,,,100,2.807778,0,11605:success:ended:resting:2.808:0
after,aji,adaptive-250ms,0,success,8545,64,100,0,0,0,0,,,,,100,37.702778,0,8545:success:ended:resting:37.703:0
after,aji,adaptive-250ms,175,success,11460,58.05,100,0,0,0,0,,,,,100,0.077778,0,11460:success:ended:resting:0.078:0
after,aji,adaptive-250ms,425,success,11710,47.55,100,0,0,0,0,,,,,100,3.577778,0,11710:success:ended:resting:3.578:0
after,aji,fixed-50/50ms,0,line-break,8525,100,54.336,900,900,1,0,6725,,,,54.335714,100,900,6550:release:calm:resting:99:0;6600:press:calm:winding:99:0;6650:release:calm:resting:99.7:0;6700:press:calm:winding:99.7:0;6725:start:calm:winding:100:3.571;6750:release:calm:resting:100:28.571;6800:press:calm:winding:100:28.571;6850:release:calm:resting:100:78.571;8525:line-break:ended:resting:100:900
after,aji,fixed-50/50ms,175,line-break,8700,100,53.876,900,900,1,0,6900,,,,53.876071,100,900,6725:release:calm:resting:99:0;6775:press:calm:winding:99:0;6825:release:calm:resting:99.7:0;6875:press:calm:winding:99.7:0;6900:start:calm:winding:100:3.571;6925:release:calm:resting:100:28.571;6975:press:calm:winding:100:28.571;7025:release:calm:resting:100:78.571;8700:line-break:ended:resting:100:900
after,aji,fixed-50/50ms,425,line-break,9450,100,54.664,900,900,1,0,7650,,,,54.663571,100,900,7475:release:calm:resting:99:0;7525:press:calm:winding:99:0;7575:release:calm:resting:99.7:0;7625:press:calm:winding:99.7:0;7650:start:calm:winding:100:3.571;7675:release:calm:resting:100:28.571;7725:press:calm:winding:100:28.571;7775:release:calm:resting:100:78.571;9450:line-break:ended:resting:100:900
after,aji,fixed-100/100ms,0,line-break,8475,100,54.336,900,900,1,0,6675,,,,54.335714,100,900,6500:release:calm:resting:99:0;6600:press:calm:winding:99:0;6675:start:calm:winding:100:3.571;6700:release:calm:resting:100:28.571;6800:press:calm:winding:100:28.571;6900:release:calm:resting:100:128.571;7000:press:calm:winding:100:128.571;7100:release:calm:resting:100:228.571;8475:line-break:ended:resting:100:900
after,aji,fixed-100/100ms,175,line-break,8650,100,53.876,900,900,1,0,6850,,,,53.876071,100,900,6675:release:calm:resting:99:0;6775:press:calm:winding:99:0;6850:start:calm:winding:100:3.571;6875:release:calm:resting:100:28.571;6975:press:calm:winding:100:28.571;7075:release:calm:resting:100:128.571;7175:press:calm:winding:100:128.571;7275:release:calm:resting:100:228.571;8650:line-break:ended:resting:100:900
after,aji,fixed-100/100ms,425,line-break,9450,100,54.664,900,900,1,0,7650,,,,54.663571,100,900,7525:release:calm:resting:99.7:0;7625:press:calm:winding:99.7:0;7650:start:calm:winding:100:3.571;7725:release:calm:resting:100:78.571;7825:press:calm:winding:100:78.571;7925:release:calm:resting:100:178.571;8025:press:calm:winding:100:178.571;8125:release:calm:resting:100:278.571;9450:line-break:ended:resting:100:900
after,aji,fixed-50/150ms,0,line-break,17025,100,43.375,900,900,1,0,13425,,,,43.060714,100,900,13050:release:calm:resting:99:0;13200:press:calm:winding:99:0;13250:release:calm:resting:99.7:0;13400:press:calm:winding:99.7:0;13425:start:calm:winding:100:3.571;13450:release:calm:resting:100:28.571;13600:press:calm:winding:100:28.571;13650:release:calm:resting:100:78.571;17025:line-break:ended:resting:100:900
after,aji,fixed-50/150ms,175,line-break,17200,100,43.061,900,900,1,0,13600,,,,43.060714,100,900,13225:release:calm:resting:99:0;13375:press:calm:winding:99:0;13425:release:calm:resting:99.7:0;13575:press:calm:winding:99.7:0;13600:start:calm:winding:100:3.571;13625:release:calm:resting:100:28.571;13775:press:calm:winding:100:28.571;13825:release:calm:resting:100:78.571;17200:line-break:ended:resting:100:900
after,aji,fixed-50/150ms,425,line-break,18235,100,46.439,900,900,1,0,14635,,,,46.438636,100,900,14475:release:warning:resting:99.8:0;14625:press:warning:winding:99.8:0;14635:start:warning:winding:100:0.909;14675:release:warning:resting:100:40.909;14825:press:warning:winding:100:40.909;14875:release:warning:resting:100:90.909;15025:press:warning:winding:100:90.909;15075:release:warning:resting:100:140.909;18235:line-break:ended:resting:100:900
after,aji,fixed-150/50ms,0,line-break,6040,100,47.895,900,900,1,0,4845,,,,47.895,100,900,4845:start:struggling:winding:100:5;4950:release:struggling:resting:100:110;5000:press:struggling:winding:100:110;5150:release:struggling:resting:100:260;5200:press:struggling:winding:100:260;5240:300ms:struggling:winding:100:300;5350:release:struggling:resting:100:410;5400:press:struggling:winding:100:410;6040:line-break:ended:resting:100:900
after,aji,fixed-150/50ms,175,line-break,6075,100,46.275,900,900,1,0,4880,,,,46.275,100,900,4880:start:struggling:winding:100:5;4925:release:struggling:resting:100:50;4975:press:struggling:winding:100:50;5125:release:struggling:resting:100:200;5175:press:struggling:winding:100:200;5275:300ms:struggling:winding:100:300;5325:release:struggling:resting:100:350;5375:press:struggling:winding:100:350;6075:line-break:ended:resting:100:900
after,aji,fixed-150/50ms,425,line-break,6270,100,45.267,900,900,1,0,5070,,,,45.267,100,900,5070:start:struggling:winding:100:1;5175:release:struggling:resting:100:106;5225:press:struggling:winding:100:106;5375:release:struggling:resting:100:256;5425:press:struggling:winding:100:256;5470:300ms:struggling:winding:100:301;5575:release:struggling:resting:100:406;5625:press:calm:winding:100:406;6270:line-break:ended:resting:100:900
after,aji,fixed-200/200ms,0,line-break,8530,100,56.354,900,900,1,0,6830,,,,56.354286,100,900,6600:release:calm:resting:99.6:0;6800:press:calm:winding:99.6:0;6830:start:calm:winding:100:1.429;7000:release:calm:resting:100:171.429;7200:press:calm:winding:100:171.429;7330:300ms:calm:winding:100:301.429;7400:release:calm:resting:100:371.429;7600:press:calm:winding:100:371.429;8530:line-break:ended:resting:100:900
after,aji,fixed-200/200ms,175,line-break,8605,100,52.786,900,900,1,0,6705,,,,52.786429,100,900,6705:start:calm:winding:100:1.429;6775:release:calm:resting:100:71.429;6975:press:calm:winding:100:71.429;7175:release:calm:resting:100:271.429;7375:press:calm:winding:100:271.429;7405:300ms:calm:winding:100:301.429;7575:release:calm:resting:100:471.429;7775:press:calm:winding:100:471.429;8605:line-break:ended:resting:100:900
after,aji,fixed-200/200ms,425,line-break,9390,100,56.496,900,900,1,0,7690,,,,56.495714,100,900,7425:release:calm:resting:99.1:0;7625:press:calm:winding:99.1:0;7690:start:calm:winding:100:0.714;7825:release:calm:resting:100:135.714;8025:press:calm:winding:100:135.714;8190:300ms:calm:winding:100:300.714;8225:release:calm:resting:100:335.714;8425:press:calm:winding:100:335.714;9390:line-break:ended:resting:100:900
after,aji,fixed-500/50ms,0,line-break,5435,100,56.79,900,900,1,0,4485,,,,51.454,100,900,4485:start:struggling:winding:100:1;4785:300ms:struggling:winding:100:301;4900:release:struggling:resting:100:416;4950:press:struggling:winding:100:416;5135:600ms:struggling:winding:100:601;5435:line-break:ended:resting:100:900
after,aji,fixed-500/50ms,175,line-break,5500,100,53.843,900,900,1,0,4500,,,,48.3545,100,900,4500:start:struggling:winding:100:3;4525:release:struggling:resting:100:28;4575:press:struggling:winding:100:28;4850:300ms:struggling:winding:100:303;5075:release:struggling:resting:100:528;5125:press:struggling:winding:100:528;5200:600ms:struggling:winding:100:603;5500:line-break:ended:resting:100:900
after,aji,fixed-500/50ms,425,line-break,5660,100,50.04,900,900,1,0,4660,,,,45.302,100,900,4660:start:struggling:winding:100:1;4775:release:struggling:resting:100:116;4825:press:struggling:winding:100:116;5010:300ms:struggling:winding:100:301;5310:600ms:struggling:winding:100:601;5325:release:struggling:resting:100:616;5375:press:struggling:winding:100:616;5660:line-break:ended:resting:100:900
after,aji,fixed-20/500ms,0,undecided,180000,20.28,69.282,0,0,0,0,,,,,69.282,0.28,0,180000:undecided:calm:resting:0.28:0
after,aji,fixed-20/500ms,175,undecided,180000,20.28,69.164,0,0,0,0,,,,,69.164,0,0,180000:undecided:calm:resting:0:0
after,aji,fixed-20/500ms,425,undecided,180000,20,68.983,0,0,0,0,,,,,68.9825,0.28,0,180000:undecided:calm:resting:0.28:0
after,aji,fixed-500/500ms,0,line-break,15305,100,86.35,900,900,1,0,10445,,,,85.936909,100,900,10445:start:struggling:winding:100:5;10500:release:struggling:resting:100:60;11000:press:struggling:winding:94.4:60;11355:300ms:calm:winding:100:303;11500:release:calm:resting:100:448;12000:press:calm:winding:94.4:448;12500:release:calm:resting:100:548;13000:press:calm:winding:94.4:548;15305:line-break:ended:resting:100:900
after,aji,fixed-500/500ms,175,line-break,15545,100,87.05,900,900,1,0,10620,,,,85.688597,100,900,10620:start:struggling:winding:100:5;10675:release:struggling:resting:100:60;11175:press:struggling:winding:94.4:60;11675:release:calm:resting:100:224.286;12175:press:calm:winding:94.4:224.286;12655:300ms:calm:winding:100:304.286;12675:release:calm:resting:100:324.286;13175:press:calm:winding:94.4:324.286;15545:line-break:ended:resting:100:900
after,aji,fixed-500/500ms,425,line-break,16540,100,87.15,900,900,1,0,11865,,,,84.692961,100,900,10925:release:struggling:resting:99.5:0;11425:press:calm:winding:93.9:0;11865:start:calm:winding:100:4.286;11925:release:calm:resting:100:64.286;12425:press:calm:winding:94.4:64.286;12925:release:calm:resting:100:164.286;13425:press:calm:winding:94.4:164.286;13925:release:calm:resting:100:264.286;16540:line-break:ended:resting:100:900
after,aji,boundary-100/299ms,0,line-break,16848,100,44.647,900,900,1,0,13257,,,,43.877486,100,900,13257:start:calm:winding:100:1.429;13267:release:calm:resting:100:11.429;13566:press:calm:winding:100:11.429;13666:release:calm:resting:100:111.429;13965:press:calm:winding:100:111.429;14065:release:calm:resting:100:211.429;14364:press:warning:winding:100:211.429;14454:300ms:warning:winding:100:301.429;16848:line-break:ended:resting:100:900
after,aji,boundary-100/299ms,175,line-break,16993,100,43.256,900,900,1,0,13402,,,,42.715629,100,900,13043:release:calm:resting:99.176:0;13342:press:calm:winding:99.176:0;13402:start:calm:winding:100:1.143;13442:release:calm:resting:100:41.143;13741:press:calm:winding:100:41.143;13841:release:calm:resting:100:141.143;14140:press:calm:winding:100:141.143;14240:release:warning:resting:100:241.143;16993:line-break:ended:resting:100:900
after,aji,boundary-100/299ms,425,line-break,18395,100,48.596,900,900,1,0,14804,,,,48.595745,100,900,14490:release:warning:resting:99.772:0;14789:press:warning:winding:99.772:0;14804:start:warning:winding:100:4.636;14889:release:warning:resting:100:89.636;15188:press:warning:winding:100:89.636;15288:release:struggling:resting:100:189.636;15587:press:struggling:winding:100:189.636;15687:release:struggling:resting:100:289.636;18395:line-break:ended:resting:100:900
after,aji,boundary-100/300ms,0,line-break,17230,100,45.574,900,900,1,0,13630,,,,45.574286,100,900,13300:release:calm:resting:99.6:0;13600:press:calm:winding:99.6:0;13630:start:calm:winding:100:1.429;13700:release:calm:resting:100:71.429;14000:press:calm:winding:100:71.429;14100:release:calm:resting:100:171.429;14400:press:warning:winding:100:171.429;14500:release:warning:resting:100:271.429;17230:line-break:ended:resting:100:900
after,aji,boundary-100/300ms,175,line-break,17020,100,42.633,900,900,1,0,13420,,,,41.803929,100,900,13075:release:calm:resting:99.4:0;13375:press:calm:winding:99.4:0;13420:start:calm:winding:100:2.143;13475:release:calm:resting:100:57.143;13775:press:calm:winding:100:57.143;13875:release:calm:resting:100:157.143;14175:press:calm:winding:100:157.143;14275:release:warning:resting:100:257.143;17020:line-break:ended:resting:100:900
after,aji,boundary-100/300ms,425,line-break,18440,100,48.905,900,900,1,0,14840,,,,48.905455,100,900,14525:release:warning:resting:99.7:0;14825:press:warning:winding:99.7:0;14840:start:warning:winding:100:1.364;14925:release:warning:resting:100:86.364;15225:press:struggling:winding:100:86.364;15325:release:struggling:resting:100:186.364;15625:press:struggling:winding:100:186.364;15725:release:struggling:resting:100:286.364;18440:line-break:ended:resting:100:900
after,aji,boundary-100/301ms,0,line-break,17654,100,47.028,900,900,1,0,13734,,,,47.028424,100,900,13734:start:calm:winding:100:3.429;13734:release:calm:resting:100:3.429;14035:press:calm:winding:99.972:3.429;14135:release:calm:resting:100:101.429;14436:press:warning:winding:99.972:101.429;14536:release:warning:resting:100:200.156;14837:press:warning:winding:99.972:200.156;14937:release:warning:resting:100:298.883;17654:line-break:ended:resting:100:900
after,aji,boundary-100/301ms,175,line-break,17423,100,42.396,900,900,1,0,13503,,,,42.396276,100,900,13503:start:calm:winding:100:2.143;13508:release:calm:resting:100:7.143;13809:press:calm:winding:99.972:7.143;13909:release:calm:resting:100:105.143;14210:press:warning:winding:99.972:105.143;14310:release:warning:resting:100:203.87;14611:press:warning:winding:99.972:203.87;14711:300ms:warning:winding:100:302.597;17423:line-break:ended:resting:100:900
after,aji,boundary-100/301ms,425,line-break,18545,100,49.951,900,900,1,0,14921,,,,49.950502,100,900,14921:start:warning:winding:100:0.545;14961:release:warning:resting:100:40.545;15262:press:struggling:winding:99.972:40.545;15362:release:struggling:resting:100:139.985;15663:press:struggling:winding:99.972:139.985;15763:release:struggling:resting:100:239.425;16064:press:struggling:winding:99.972:239.425;16129:300ms:struggling:winding:100:303.865;18545:line-break:ended:resting:100:900
after,aji,near100-release10ms,0,line-break,5230,100,62.1,900,900,1,0,4325,,700,700,57.22,100,900,4325:start:struggling:winding:100:5;4620:300ms:struggling:winding:100:300;4920:600ms:struggling:winding:100:600;5020:release:struggling:resting:100:700;5030:after10ms:struggling:resting:100:700;5030:press:struggling:winding:100:700;5230:line-break:ended:resting:100:900
after,aji,near100-release10ms,175,line-break,5280,100,58.95,900,900,1,0,4370,,701,701,53.874,100,900,4370:start:struggling:winding:100:1;4670:300ms:struggling:winding:100:301;4970:600ms:struggling:winding:100:601;5070:release:struggling:resting:100:701;5080:after10ms:struggling:resting:100:701;5080:press:struggling:winding:100:701;5280:line-break:ended:resting:100:900
after,aji,near100-release10ms,425,line-break,5420,100,54.45,900,900,1,0,4510,,701,701,48.814,100,900,4510:start:struggling:winding:100:1;4810:300ms:struggling:winding:100:301;5110:600ms:struggling:winding:100:601;5210:release:struggling:resting:100:701;5220:after10ms:struggling:resting:100:701;5220:press:struggling:winding:100:701;5420:line-break:ended:resting:100:900
after,iwashi,held,0,line-break,4715,100,61.635,900,900,1,0,3815,,,,61.6345,100,900,3815:start:struggling:winding:100:3;4115:300ms:struggling:winding:100:303;4415:600ms:calm:winding:100:603;4715:line-break:ended:resting:100:900
after,iwashi,held,175,line-break,4760,100,58.915,900,900,1,0,3860,,,,58.915,100,900,3860:start:struggling:winding:100:2.5;4160:300ms:struggling:winding:100:302.5;4460:600ms:calm:winding:100:602.5;4760:line-break:ended:resting:100:900
after,iwashi,held,425,line-break,4895,100,56.5,900,900,1,0,3995,,,,56.5,100,900,3995:start:struggling:winding:100:2.5;4295:300ms:calm:winding:100:302.5;4595:600ms:calm:winding:100:602.5;4895:line-break:ended:resting:100:900
after,iwashi,adaptive-0ms,0,success,8665,49.9,100,0,0,0,0,,,,,100,2.104762,0,8665:success:ended:resting:2.105:0
after,iwashi,adaptive-0ms,175,success,8840,47.625,100,0,0,0,0,,,,,100,4.379762,0,8840:success:ended:resting:4.38:0
after,iwashi,adaptive-0ms,425,success,9090,40.875,100,0,0,0,0,,,,,100,7.629762,0,9090:success:ended:resting:7.63:0
after,iwashi,adaptive-150ms,0,success,8980,50.95,100,0,0,0,0,,,,,100,4.249762,0,8980:success:ended:resting:4.25:0
after,iwashi,adaptive-150ms,175,success,9155,47.975,100,0,0,0,0,,,,,100,6.524762,0,9155:success:ended:resting:6.525:0
after,iwashi,adaptive-150ms,425,success,9405,37.725,100,0,0,0,0,,,,,100,9.774762,0,9405:success:ended:resting:9.775:0
after,iwashi,adaptive-200ms,0,success,9085,51.3,100,0,0,0,0,,,,,100,4.964762,0,9085:success:ended:resting:4.965:0
after,iwashi,adaptive-200ms,175,success,9260,46.925,100,0,0,0,0,,,,,100,7.239762,0,9260:success:ended:resting:7.24:0
after,iwashi,adaptive-200ms,425,success,9510,36.675,100,0,0,0,0,,,,,100,10.489762,0,9510:success:ended:resting:10.49:0
after,iwashi,adaptive-250ms,0,success,9190,51.65,100,0,0,0,0,,,,,100,5.679762,0,9190:success:ended:resting:5.68:0
after,iwashi,adaptive-250ms,175,success,9365,45.875,100,0,0,0,0,,,,,100,7.954762,0,9365:success:ended:resting:7.955:0
after,iwashi,adaptive-250ms,425,success,9615,35.625,100,0,0,0,0,,,,,100,11.204762,0,9615:success:ended:resting:11.205:0
after,iwashi,fixed-50/50ms,0,line-break,9415,100,61.635,900,900,1,0,7615,,,,61.6345,100,900,7550:release:struggling:resting:99.4:0;7600:press:struggling:winding:99.4:0;7615:start:struggling:winding:100:3;7650:release:struggling:resting:100:38;7700:press:struggling:winding:100:38;7750:release:struggling:resting:100:88;7800:press:struggling:winding:100:88;7850:release:struggling:resting:100:138;9415:line-break:ended:resting:100:900
after,iwashi,fixed-50/50ms,175,line-break,9485,100,60.469,900,900,1,0,7685,,,,60.469,100,900,7625:release:struggling:resting:99.675:0;7675:press:struggling:winding:99.675:0;7685:start:struggling:winding:100:3.5;7725:release:struggling:resting:100:43.5;7775:press:struggling:winding:100:43.5;7825:release:struggling:resting:100:93.5;7875:press:struggling:winding:100:93.5;7925:release:struggling:resting:100:143.5;9485:line-break:ended:resting:100:900
after,iwashi,fixed-50/50ms,425,line-break,9660,100,59.997,900,900,1,0,7860,,,,59.9965,100,900,7860:start:struggling:winding:100:1;7875:release:struggling:resting:100:16;7925:press:struggling:winding:100:16;7975:release:struggling:resting:100:66;8025:press:struggling:winding:100:66;8075:release:struggling:resting:100:116;8125:press:struggling:winding:100:116;8175:release:struggling:resting:100:166;9660:line-break:ended:resting:100:900
after,iwashi,fixed-100/100ms,0,line-break,9420,100,61.109,900,900,1,0,7620,,,,61.109,100,900,7500:release:struggling:resting:99.05:0;7600:press:struggling:winding:99.05:0;7620:start:struggling:winding:100:1;7700:release:struggling:resting:100:81;7800:press:struggling:winding:100:81;7900:release:struggling:resting:100:181;8000:press:struggling:winding:100:181;8100:release:struggling:resting:100:281;9420:line-break:ended:resting:100:900
after,iwashi,fixed-100/100ms,175,line-break,9420,100,59.193,900,900,1,0,7620,,,,59.19275,100,900,7620:start:struggling:winding:100:3.5;7675:release:struggling:resting:100:58.5;7775:press:struggling:winding:100:58.5;7875:release:struggling:resting:100:158.5;7975:press:struggling:winding:100:158.5;8075:release:struggling:resting:100:258.5;8175:press:struggling:winding:100:258.5;8220:300ms:struggling:winding:100:303.5;9420:line-break:ended:resting:100:900
after,iwashi,fixed-100/100ms,425,line-break,9685,100,60.747,900,900,1,0,7885,,,,60.74725,100,900,7885:start:struggling:winding:100:4;7925:release:struggling:resting:100:44;8025:press:struggling:winding:100:44;8125:release:struggling:resting:100:144;8225:press:struggling:winding:100:144;8325:release:struggling:resting:100:244;8425:press:struggling:winding:100:244;8485:300ms:struggling:winding:100:304;9685:line-break:ended:resting:100:900
after,iwashi,fixed-50/150ms,0,line-break,17035,100,52.933,900,900,1,0,13435,,,,52.659423,100,900,13250:release:calm:resting:99.55:0;13400:press:calm:winding:99.55:0;13435:start:calm:winding:100:0.385;13450:release:calm:resting:100:15.385;13600:press:calm:winding:100:15.385;13650:release:calm:resting:100:65.385;13800:press:calm:winding:100:65.385;13850:release:calm:resting:100:115.385;17035:line-break:ended:resting:100:900
after,iwashi,fixed-50/150ms,175,line-break,17585,100,54.154,900,900,1,0,13985,,,,54.153654,100,900,13625:release:calm:resting:99.275:0;13775:press:calm:winding:99.275:0;13825:release:calm:resting:99.925:0;13975:press:calm:winding:99.925:0;13985:start:calm:winding:100:4.231;14025:release:calm:resting:100:44.231;14175:press:calm:winding:100:44.231;14225:release:calm:resting:100:94.231;17585:line-break:ended:resting:100:900
after,iwashi,fixed-50/150ms,425,line-break,18645,100,58.596,900,900,1,0,15045,,,,58.595962,100,900,14675:release:calm:resting:99.125:0;14825:press:calm:winding:99.125:0;14875:release:calm:resting:99.775:0;15025:press:calm:winding:99.775:0;15045:start:calm:winding:100:2.692;15075:release:warning:resting:100:32.692;15225:press:warning:winding:100:32.692;15275:release:warning:resting:100:82.692;18645:line-break:ended:resting:100:900
after,iwashi,fixed-150/50ms,0,line-break,5880,100,65.458,900,900,1,0,4680,,,,65.457885,100,900,4550:release:calm:resting:99:0;4600:press:calm:winding:99:0;4680:start:calm:winding:100:3.077;4750:release:calm:resting:100:73.077;4800:press:calm:winding:100:73.077;4950:release:calm:resting:100:223.077;5000:press:calm:winding:100:223.077;5080:300ms:calm:winding:100:303.077;5880:line-break:ended:resting:100:900
after,iwashi,fixed-150/50ms,175,line-break,5995,100,63.91,900,900,1,0,4795,,,,63.910096,100,900,4725:release:calm:resting:99.75:0;4775:press:calm:winding:99.75:0;4795:start:calm:winding:100:0.769;4925:release:calm:resting:100:130.769;4975:press:calm:winding:100:130.769;5125:release:calm:resting:100:280.769;5175:press:calm:winding:100:280.769;5195:300ms:calm:winding:100:300.769;5995:line-break:ended:resting:100:900
after,iwashi,fixed-150/50ms,425,line-break,6675,100,70.29,900,900,1,0,5475,,,,70.289904,100,900,5375:release:calm:resting:99.4:0;5425:press:calm:winding:99.4:0;5475:start:calm:winding:100:3.846;5575:release:calm:resting:100:103.846;5625:press:calm:winding:100:103.846;5775:release:calm:resting:100:253.846;5825:press:calm:winding:100:253.846;5875:300ms:calm:winding:100:303.846;6675:line-break:ended:resting:100:900
after,iwashi,fixed-200/200ms,0,line-break,9350,100,62.412,900,900,1,0,7650,,,,62.4115,100,900,7650:start:struggling:winding:100:1;7800:release:struggling:resting:100:151;8000:press:struggling:winding:100:151;8150:300ms:struggling:winding:100:301;8200:release:struggling:resting:100:351;8400:press:struggling:winding:100:351;8600:release:calm:resting:100:551;8800:press:calm:winding:100:551;9350:line-break:ended:resting:100:900
after,iwashi,fixed-200/200ms,175,line-break,9465,100,61.509,900,900,1,0,7570,,,,61.50875,100,900,7570:start:struggling:winding:100:5;7575:release:struggling:resting:100:10;7775:press:struggling:winding:100:10;7975:release:struggling:resting:100:210;8175:press:struggling:winding:100:210;8265:300ms:struggling:winding:100:300;8375:release:struggling:resting:100:410;8575:press:calm:winding:100:410;9465:line-break:ended:resting:100:900
after,iwashi,fixed-200/200ms,425,line-break,9680,100,60.385,900,900,1,0,7780,,,,60.385,100,900,7780:start:struggling:winding:100:2.5;7825:release:struggling:resting:100:47.5;8025:press:struggling:winding:100:47.5;8225:release:struggling:resting:100:247.5;8425:press:struggling:winding:100:247.5;8480:300ms:struggling:winding:100:302.5;8625:release:calm:resting:100:447.5;8825:press:calm:winding:100:447.5;9680:line-break:ended:resting:100:900
after,iwashi,fixed-500/50ms,0,line-break,4985,100,60.974,900,900,1,0,3985,,,,60.974,100,900,3985:start:struggling:winding:100:1;4285:300ms:calm:winding:100:301;4350:release:calm:resting:100:366;4400:press:calm:winding:100:366;4635:600ms:calm:winding:100:601;4900:release:calm:resting:100:866;4950:press:calm:winding:100:866;4985:line-break:ended:resting:100:900
after,iwashi,fixed-500/50ms,175,line-break,4990,100,58.979,900,900,1,0,4040,,,,58.979,100,900,3975:release:struggling:resting:99.425:0;4025:press:struggling:winding:99.425:0;4040:start:struggling:winding:100:3.5;4340:300ms:calm:winding:100:303.5;4525:release:calm:resting:100:488.5;4575:press:calm:winding:100:488.5;4690:600ms:calm:winding:100:603.5;4990:line-break:ended:resting:100:900
after,iwashi,fixed-500/50ms,425,line-break,5140,100,56.59,900,900,1,0,4140,,,,56.59025,100,900,4140:start:struggling:winding:100:3.5;4225:release:struggling:resting:100:88.5;4275:press:calm:winding:100:88.5;4490:300ms:calm:winding:100:303.5;4775:release:calm:resting:100:588.5;4825:press:calm:winding:100:588.5;4840:600ms:calm:winding:100:603.5;5140:line-break:ended:resting:100:900
after,iwashi,fixed-20/500ms,0,undecided,180000,20.26,84.936,0,0,0,0,,,,,84.9355,0.26,0,180000:undecided:calm:resting:0.26:0
after,iwashi,fixed-20/500ms,175,undecided,180000,20.26,85.179,0,0,0,0,,,,,85.17925,0,0,180000:undecided:calm:resting:0:0
after,iwashi,fixed-20/500ms,425,undecided,180000,20,84.573,0,0,0,0,,,,,84.57325,0.26,0,180000:undecided:calm:resting:0.26:0
after,iwashi,fixed-500/500ms,0,success,14475,100,100,290.676,290.676,1,0,12325,,,,100,100,290.675824,12325:start:struggling:winding:100:4;12500:release:struggling:resting:100:179;13000:press:calm:winding:94.4:179;13500:release:calm:resting:100:248.231;14000:press:calm:winding:94.4:248.231;14475:success:ended:resting:100:290.676
after,iwashi,fixed-500/500ms,175,success,14625,100,100,256.176,256.176,1,0,12505,,,,100,100,256.175824,12505:start:struggling:winding:100:2;12675:release:struggling:resting:100:172;13175:press:calm:winding:94.4:172;13675:release:calm:resting:100:241.231;14175:press:calm:winding:94.4:241.231;14625:success:ended:resting:100:256.176
after,iwashi,fixed-500/500ms,425,success,14855,100,100,285.731,285.731,1,0,12710,,,,100,99.986131,285.730769,12710:start:struggling:winding:100:1.5;12925:release:calm:resting:100:216.5;13425:press:calm:winding:94.4:216.5;13925:release:calm:resting:100:285.731;14425:press:calm:winding:94.4:285.731;14855:success:ended:resting:99.986:285.731
after,iwashi,boundary-100/299ms,0,line-break,17227,100,53.822,900,900,1,0,13636,,,,53.822015,100,900,13267:release:calm:resting:99.141:0;13566:press:calm:winding:99.141:0;13636:start:calm:winding:100:3.923;13666:release:calm:resting:100:33.923;13965:press:calm:winding:100:33.923;14065:release:calm:resting:100:133.923;14364:press:calm:winding:100:133.923;14464:release:calm:resting:100:233.923;17227:line-break:ended:resting:100:900
after,iwashi,boundary-100/299ms,175,line-break,17347,100,53.213,900,900,1,0,13756,,,,53.072581,100,900,13442:release:calm:resting:99.855:0;13741:press:calm:winding:99.855:0;13756:start:calm:winding:100:3.846;13841:release:calm:resting:100:88.846;14140:press:calm:winding:100:88.846;14240:release:calm:resting:100:188.846;14539:press:calm:winding:100:188.846;14639:release:calm:resting:100:288.846;17347:line-break:ended:resting:100:900
after,iwashi,boundary-100/299ms,425,line-break,18460,100,57.696,900,900,1,0,14869,,,,57.695708,100,900,14490:release:calm:resting:99.018:0;14789:press:calm:winding:99.018:0;14869:start:calm:winding:100:4.462;14889:release:calm:resting:100:24.462;15188:press:warning:winding:100:24.462;15288:release:warning:resting:100:124.462;15587:press:warning:winding:100:124.462;15687:release:warning:resting:100:224.462;18460:line-break:ended:resting:100:900
after,iwashi,boundary-100/300ms,0,line-break,16885,100,52.933,900,900,1,0,13285,,,,51.794038,100,900,13285:start:calm:winding:100:0.385;13300:release:calm:resting:100:15.385;13600:press:calm:winding:100:15.385;13700:release:calm:resting:100:115.385;14000:press:calm:winding:100:115.385;14100:release:calm:resting:100:215.385;14400:press:calm:winding:100:215.385;14485:300ms:calm:winding:100:300.385;16885:line-break:ended:resting:100:900
after,iwashi,boundary-100/300ms,175,line-break,17075,100,53.567,900,900,1,0,13475,,,,53.567115,100,900,13475:start:calm:winding:100:1.923;13475:release:calm:resting:100:1.923;13775:press:calm:winding:100:1.923;13875:release:calm:resting:100:101.923;14175:press:calm:winding:100:101.923;14275:release:calm:resting:100:201.923;14575:press:calm:winding:100:201.923;14675:300ms:calm:winding:100:301.923;17075:line-break:ended:resting:100:900
after,iwashi,boundary-100/300ms,425,line-break,18495,100,57.635,900,900,1,0,14895,,,,57.634712,100,900,14525:release:calm:resting:99.125:0;14825:press:calm:winding:99.125:0;14895:start:calm:winding:100:2.692;14925:release:calm:resting:100:32.692;15225:press:warning:winding:100:32.692;15325:release:warning:resting:100:132.692;15625:press:warning:winding:100:132.692;15725:release:warning:resting:100:232.692;18495:line-break:ended:resting:100:900
after,iwashi,boundary-100/301ms,0,line-break,17308,100,53.207,900,900,1,0,13689,,,,53.206992,100,900,13333:release:calm:resting:99.369:0;13634:press:calm:winding:99.341:0;13689:start:calm:winding:100:4.308;13734:release:calm:resting:100:49.308;14035:press:calm:winding:99.972:49.308;14135:release:calm:resting:100:147.154;14436:press:calm:winding:99.972:147.154;14536:release:calm:resting:100:245;17308:line-break:ended:resting:100:900
after,iwashi,boundary-100/301ms,175,line-break,17493,100,55.156,900,900,1,0,13869,,,,55.15607,100,900,13508:release:calm:resting:99.271:0;13809:press:calm:winding:99.243:0;13869:start:calm:winding:100:1.769;13909:release:calm:resting:100:41.769;14210:press:calm:winding:99.972:41.769;14310:release:calm:resting:100:139.615;14611:press:calm:winding:99.972:139.615;14711:release:calm:resting:100:237.462;17493:line-break:ended:resting:100:900
after,iwashi,boundary-100/301ms,425,line-break,18916,100,59.407,900,900,1,0,15297,,,,59.406884,100,900,14961:release:calm:resting:99.427:0;15262:press:warning:winding:99.399:0;15297:start:warning:winding:100:4.95;15362:release:warning:resting:100:69.95;15663:press:warning:winding:99.972:69.95;15763:release:warning:resting:100:168.55;16064:press:struggling:winding:99.972:168.55;16164:release:struggling:resting:100:267.99;18916:line-break:ended:resting:100:900
after,iwashi,near100-release10ms,0,line-break,4725,100,61.635,900,900,1,0,3815,,703,703,61.6345,100,900,3815:start:struggling:winding:100:3;4115:300ms:struggling:winding:100:303;4415:600ms:calm:winding:100:603;4515:release:calm:resting:100:703;4525:after10ms:calm:resting:100:703;4525:press:calm:winding:100:703;4725:line-break:ended:resting:100:900
after,iwashi,near100-release10ms,175,line-break,4770,100,58.915,900,900,1,0,3860,,702.5,702.5,58.915,100,900,3860:start:struggling:winding:100:2.5;4160:300ms:struggling:winding:100:302.5;4460:600ms:calm:winding:100:602.5;4560:release:calm:resting:100:702.5;4570:after10ms:calm:resting:100:702.5;4570:press:calm:winding:100:702.5;4770:line-break:ended:resting:100:900
after,iwashi,near100-release10ms,425,line-break,4905,100,56.5,900,900,1,0,3995,,702.5,702.5,56.5,100,900,3995:start:struggling:winding:100:2.5;4295:300ms:calm:winding:100:302.5;4595:600ms:calm:winding:100:602.5;4695:release:calm:resting:100:702.5;4705:after10ms:calm:resting:100:702.5;4705:press:calm:winding:100:702.5;4905:line-break:ended:resting:100:900
after,saba,held,0,line-break,3685,100,40.045,900,900,1,0,2785,,,,40.045172,100,900,2785:start:struggling:winding:100:0.517;3085:300ms:struggling:winding:100:300.517;3385:600ms:calm:winding:100:600.517;3685:line-break:ended:resting:100:900
after,saba,held,175,line-break,3745,100,37.867,900,900,1,0,2845,,,,37.866724,100,900,2845:start:struggling:winding:100:0.172;3145:300ms:struggling:winding:100:300.172;3445:600ms:calm:winding:100:600.172;3745:line-break:ended:resting:100:900
after,saba,held,425,line-break,3895,100,35.901,900,900,1,0,2995,,,,35.901207,100,900,2995:start:struggling:winding:100:3.621;3295:300ms:calm:winding:100:303.621;3595:600ms:calm:winding:100:603.621;3895:line-break:ended:resting:100:900
after,saba,adaptive-0ms,0,success,10365,49,100,0,0,0,0,,,,,100,18.263158,0,10365:success:ended:resting:18.263:0
after,saba,adaptive-0ms,175,success,10540,45.5,100,0,0,0,0,,,,,100,21.763158,0,10540:success:ended:resting:21.763:0
after,saba,adaptive-0ms,425,success,10790,37,100,0,0,0,0,,,,,100,26.763158,0,10790:success:ended:resting:26.763:0
after,saba,adaptive-150ms,0,success,10765,49.75,100,0,0,0,0,,,,,100,23.213158,0,10765:success:ended:resting:23.213:0
after,saba,adaptive-150ms,175,success,10980,45.55,100,0,0,0,0,,,,,100,27.980994,0,10980:success:ended:resting:27.981:0
after,saba,adaptive-150ms,425,success,12970,33.55,100,0,0,0,0,,,,,100,4.363158,0,12970:success:ended:resting:4.363:0
after,saba,adaptive-200ms,0,success,10895,50,100,0,0,0,0,,,,,100,24.863158,0,10895:success:ended:resting:24.863:0
after,saba,adaptive-200ms,175,success,12880,44.4,100,0,0,0,0,,,,,100,1.563158,0,12880:success:ended:resting:1.563:0
after,saba,adaptive-200ms,425,success,13130,32.4,100,0,0,0,0,,,,,100,6.563158,0,13130:success:ended:resting:6.563:0
after,saba,adaptive-250ms,0,success,12865,50.25,100,0,0,0,0,,,,,100,0.263158,0,12865:success:ended:resting:0.263:0
after,saba,adaptive-250ms,175,success,13040,43.25,100,0,0,0,0,,,,,100,3.763158,0,13040:success:ended:resting:3.763:0
after,saba,adaptive-250ms,425,success,13290,31.25,100,0,0,0,0,,,,,100,8.763158,0,13290:success:ended:resting:8.763:0
after,saba,fixed-50/50ms,0,line-break,7335,100,40.045,900,900,1,0,5535,,,,40.045172,100,900,5535:start:struggling:winding:100:0.517;5550:release:struggling:resting:100:15.517;5600:press:struggling:winding:100:15.517;5650:release:struggling:resting:100:65.517;5700:press:struggling:winding:100:65.517;5750:release:struggling:resting:100:115.517;5800:press:struggling:winding:100:115.517;5850:release:struggling:resting:100:165.517;7335:line-break:ended:resting:100:900
after,saba,fixed-50/50ms,175,line-break,7415,100,39.112,900,900,1,0,5615,,,,39.111552,100,900,5615:start:struggling:winding:100:4.655;5625:release:struggling:resting:100:14.655;5675:press:struggling:winding:100:14.655;5725:release:struggling:resting:100:64.655;5775:press:struggling:winding:100:64.655;5825:release:struggling:resting:100:114.655;5875:press:struggling:winding:100:114.655;5925:release:struggling:resting:100:164.655;7415:line-break:ended:resting:100:900
after,saba,fixed-50/50ms,425,line-break,7640,100,38.702,900,900,1,0,5840,,,,38.702069,100,900,5775:release:struggling:resting:99.2:0;5825:press:struggling:winding:99.2:0;5840:start:struggling:winding:100:1.207;5875:release:struggling:resting:100:36.207;5925:press:struggling:winding:100:36.207;5975:release:struggling:resting:100:86.207;6025:press:struggling:winding:100:86.207;6075:release:struggling:resting:100:136.207;7640:line-break:ended:resting:100:900
after,saba,fixed-100/100ms,0,line-break,7285,100,38.845,900,900,1,0,5485,,,,38.845172,100,900,5485:start:struggling:winding:100:0.517;5500:release:struggling:resting:100:15.517;5600:press:struggling:winding:100:15.517;5700:release:struggling:resting:100:115.517;5800:press:struggling:winding:100:115.517;5900:release:struggling:resting:100:215.517;6000:press:struggling:winding:100:215.517;6085:300ms:struggling:winding:100:300.517;7285:line-break:ended:resting:100:900
after,saba,fixed-100/100ms,175,line-break,7430,100,39.423,900,900,1,0,5630,,,,39.422759,100,900,5630:start:struggling:winding:100:3.276;5675:release:struggling:resting:100:48.276;5775:press:struggling:winding:100:48.276;5875:release:struggling:resting:100:148.276;5975:press:struggling:winding:100:148.276;6075:release:struggling:resting:100:248.276;6175:press:struggling:winding:100:248.276;6230:300ms:struggling:winding:100:303.276;7430:line-break:ended:resting:100:900
after,saba,fixed-100/100ms,425,line-break,7525,100,37.191,900,900,1,0,5725,,,,37.190862,100,900,5725:start:struggling:winding:100:2.586;5725:release:struggling:resting:100:2.586;5825:press:struggling:winding:100:2.586;5925:release:struggling:resting:100:102.586;6025:press:struggling:winding:100:102.586;6125:release:struggling:resting:100:202.586;6225:press:struggling:winding:100:202.586;6325:300ms:calm:winding:100:302.586;7525:line-break:ended:resting:100:900
after,saba,fixed-50/150ms,0,line-break,13620,100,35.02,900,900,1,0,10025,,,,35.02,100,900,9850:release:calm:resting:99.6:0;10000:press:calm:winding:99.6:0;10025:start:calm:winding:100:5;10050:release:calm:resting:100:30;10200:press:calm:winding:100:30;10250:release:calm:resting:100:80;10400:press:calm:winding:100:80;10450:release:calm:resting:100:130;13620:line-break:ended:resting:100:900
after,saba,fixed-50/150ms,175,line-break,13995,100,35.923,900,900,1,0,10395,,,,35.9225,100,900,10225:release:calm:resting:99.65:0;10375:press:calm:winding:99.65:0;10395:start:calm:winding:100:2.5;10425:release:calm:resting:100:32.5;10575:press:calm:winding:100:32.5;10625:release:calm:resting:100:82.5;10775:press:calm:winding:100:82.5;10825:release:calm:resting:100:132.5;13995:line-break:ended:resting:100:900
after,saba,fixed-50/150ms,425,line-break,14665,100,36.492,900,900,1,0,11065,,,,36.49155,100,900,10875:release:calm:resting:99.1:0;11025:press:warning:winding:99.1:0;11065:start:warning:winding:100:4;11075:release:warning:resting:100:14;11225:press:warning:winding:100:14;11275:release:warning:resting:100:64;11425:press:warning:winding:100:64;11475:release:warning:resting:100:114;14665:line-break:ended:resting:100:900
after,saba,fixed-150/50ms,0,line-break,4520,100,41.91,900,900,1,0,3325,,,,41.91,100,900,3325:start:calm:winding:100:5;3350:release:calm:resting:100:30;3400:press:calm:winding:100:30;3550:release:calm:resting:100:180;3600:press:calm:winding:100:180;3720:300ms:calm:winding:100:300;3750:release:calm:resting:100:330;3800:press:calm:winding:100:330;4520:line-break:ended:resting:100:900
after,saba,fixed-150/50ms,175,line-break,4795,100,41.923,900,900,1,0,3595,,,,41.923375,100,900,3525:release:calm:resting:99.65:0;3575:press:calm:winding:99.65:0;3595:start:calm:winding:100:2.5;3725:release:calm:resting:100:132.5;3775:press:calm:winding:100:132.5;3925:release:calm:resting:100:282.5;3975:press:calm:winding:100:282.5;3995:300ms:calm:winding:100:302.5;4795:line-break:ended:resting:100:900
after,saba,fixed-150/50ms,425,line-break,5170,100,40.585,900,900,1,0,3975,,,,40.58475,100,900,3975:start:calm:winding:100:5;3975:release:calm:resting:100:5;4025:press:calm:winding:100:5;4175:release:calm:resting:100:155;4225:press:calm:winding:100:155;4370:300ms:calm:winding:100:300;4375:release:calm:resting:100:305;4425:press:calm:winding:100:305;5170:line-break:ended:resting:100:900
after,saba,fixed-200/200ms,0,line-break,7385,100,44.312,900,900,1,0,5685,,,,44.312414,100,900,5685:start:struggling:winding:100:2.241;5800:release:struggling:resting:100:117.241;6000:press:struggling:winding:100:117.241;6185:300ms:struggling:winding:100:302.241;6200:release:struggling:resting:100:317.241;6400:press:calm:winding:100:317.241;6600:release:calm:resting:100:517.241;6800:press:calm:winding:100:517.241;7385:line-break:ended:resting:100:900
after,saba,fixed-200/200ms,175,line-break,7380,100,36.089,900,900,1,0,5480,,,,36.089138,100,900,5480:start:struggling:winding:100:2.414;5575:release:struggling:resting:100:97.414;5775:press:struggling:winding:100:97.414;5975:release:struggling:resting:100:297.414;6175:press:struggling:winding:100:297.414;6180:300ms:struggling:winding:100:302.414;6375:release:calm:resting:100:497.414;6575:press:calm:winding:100:497.414;7380:line-break:ended:resting:100:900
after,saba,fixed-200/200ms,425,line-break,7725,100,42.058,900,900,1,0,5825,,,,42.058103,100,900,5825:start:struggling:winding:100:4.31;5825:release:struggling:resting:100:4.31;6025:press:struggling:winding:100:4.31;6225:release:struggling:resting:100:204.31;6425:press:calm:winding:100:204.31;6525:300ms:calm:winding:100:304.31;6625:release:calm:resting:100:404.31;6825:press:calm:winding:100:404.31;7725:line-break:ended:resting:100:900
after,saba,fixed-500/50ms,0,line-break,3915,100,39.964,900,900,1,0,2915,,,,39.96431,100,900,2915:start:struggling:winding:100:2.931;3215:300ms:calm:winding:100:302.931;3250:release:calm:resting:100:337.931;3300:press:calm:winding:100:337.931;3565:600ms:calm:winding:100:602.931;3800:release:calm:resting:100:837.931;3850:press:calm:winding:100:837.931;3915:line-break:ended:resting:100:900
after,saba,fixed-500/50ms,175,line-break,3955,100,39.004,900,900,1,0,3005,,,,39.003879,100,900,3005:start:struggling:winding:100:4.138;3305:300ms:calm:winding:100:304.138;3425:release:calm:resting:100:424.138;3475:press:calm:winding:100:424.138;3655:600ms:calm:winding:100:604.138;3955:line-break:ended:resting:100:900
after,saba,fixed-500/50ms,425,line-break,4105,100,37.043,900,900,1,0,3105,,,,37.042759,100,900,3105:start:struggling:winding:100:3.276;3125:release:struggling:resting:100:23.276;3175:press:calm:winding:100:23.276;3455:300ms:calm:winding:100:303.276;3675:release:calm:resting:100:523.276;3725:press:calm:winding:100:523.276;3805:600ms:calm:winding:100:603.276;4105:line-break:ended:resting:100:900
after,saba,fixed-20/500ms,0,undecided,180000,20.4,65.155,0,0,0,0,,,,,65.1545,0.4,0,180000:undecided:calm:resting:0.4:0
after,saba,fixed-20/500ms,175,undecided,180000,20.4,66.799,0,0,0,0,,,,,66.799,0,0,180000:undecided:calm:resting:0:0
after,saba,fixed-20/500ms,425,undecided,180000,20,65.454,0,0,0,0,,,,,65.45375,0.4,0,180000:undecided:calm:resting:0.4:0
after,saba,fixed-500/500ms,0,line-break,11440,100,65.693,900,900,1,0,8440,,,,65.692517,100,900,8440:start:warning:winding:100:4;8500:release:warning:resting:100:64;9000:press:struggling:winding:94.4:64;9335:300ms:struggling:winding:100:302.448;9500:release:calm:resting:100:467.448;10000:press:calm:winding:94.4:467.448;10415:600ms:calm:winding:100:602.448;10500:release:calm:resting:100:687.448;11440:line-break:ended:resting:100:900
after,saba,fixed-500/500ms,175,line-break,11570,100,68.281,900,900,1,0,8570,,,,68.280687,100,900,8570:start:struggling:winding:100:1.466;8675:release:struggling:resting:100:106.466;9175:press:struggling:winding:94.4:106.466;9470:300ms:calm:winding:100:304.914;9675:release:calm:resting:100:509.914;10175:press:calm:winding:94.4:509.914;10550:600ms:calm:winding:100:604.914;10675:release:calm:resting:100:729.914;11570:line-break:ended:resting:100:900
after,saba,fixed-500/500ms,425,line-break,11725,100,61.495,900,900,1,0,7920,,,,61.384138,100,900,7920:start:warning:winding:100:2;7925:release:warning:resting:100:7;8425:press:warning:winding:94.4:7;8890:300ms:struggling:winding:100:304.328;8925:release:struggling:resting:100:339.328;9425:press:struggling:winding:94.4:339.328;9920:600ms:calm:winding:100:601.828;9925:release:calm:resting:100:606.828;11725:line-break:ended:resting:100:900
after,saba,boundary-100/299ms,0,line-break,14374,100,40.769,900,900,1,0,10788,,,,40.76875,100,900,10474:release:calm:resting:99.8:0;10773:press:calm:winding:99.8:0;10788:start:calm:winding:100:5;10873:release:calm:resting:100:90;11172:press:warning:winding:100:90;11272:release:warning:resting:100:190;11571:press:warning:winding:100:190;11671:release:warning:resting:100:290;14374:line-break:ended:resting:100:900
after,saba,boundary-100/299ms,175,line-break,13033,100,29.193,900,900,1,0,9442,,,,29.193097,100,900,9442:start:struggling:winding:100:2.69;9452:release:calm:resting:100:12.69;9751:press:calm:winding:100:12.69;9851:release:calm:resting:100:112.69;10150:press:calm:winding:100:112.69;10250:release:calm:resting:100:212.69;10549:press:calm:winding:100:212.69;10639:300ms:calm:winding:100:302.69;13033:line-break:ended:resting:100:900
after,saba,boundary-100/299ms,425,line-break,15238,100,39.88,900,900,1,0,11647,,,,39.4531,100,900,11647:start:warning:winding:100:2;11697:release:warning:resting:100:52;11996:press:struggling:winding:100:52;12096:release:struggling:resting:100:152;12395:press:struggling:winding:100:152;12495:release:struggling:resting:100:252;12794:press:calm:winding:100:252;12844:300ms:calm:winding:100:302;15238:line-break:ended:resting:100:900
after,saba,boundary-100/300ms,0,line-break,14410,100,40.403,900,900,1,0,10815,,,,40.403,100,900,10500:release:calm:resting:99.8:0;10800:press:calm:winding:99.8:0;10815:start:calm:winding:100:5;10900:release:warning:resting:100:90;11200:press:warning:winding:100:90;11300:release:warning:resting:100:190;11600:press:warning:winding:100:190;11700:release:struggling:resting:100:290;14410:line-break:ended:resting:100:900
after,saba,boundary-100/300ms,175,line-break,13055,100,29.913,900,900,1,0,9455,,,,29.9125,100,900,9455:start:calm:winding:100:2.5;9475:release:calm:resting:100:22.5;9775:press:calm:winding:100:22.5;9875:release:calm:resting:100:122.5;10175:press:calm:winding:100:122.5;10275:release:calm:resting:100:222.5;10575:press:calm:winding:100:222.5;10655:300ms:calm:winding:100:302.5;13055:line-break:ended:resting:100:900
after,saba,boundary-100/300ms,425,line-break,15270,100,38.625,900,900,1,0,11670,,,,38.035,100,900,11670:start:warning:winding:100:2;11725:release:struggling:resting:100:57;12025:press:struggling:winding:100:57;12125:release:struggling:resting:100:157;12425:press:struggling:winding:100:157;12525:release:struggling:resting:100:257;12825:press:calm:winding:100:257;12870:300ms:calm:winding:100:302;15270:line-break:ended:resting:100:900
after,saba,boundary-100/301ms,0,line-break,14496,100,39.77,900,900,1,0,10877,,,,39.770203,100,900,10526:release:calm:resting:99.072:0;10827:press:calm:winding:99.044:0;10877:start:calm:winding:100:2.2;10927:release:warning:resting:100:52.2;11228:press:warning:winding:99.972:52.2;11328:release:warning:resting:100:151.08;11629:press:warning:winding:99.972:151.08;11729:release:struggling:resting:100:249.96;14496:line-break:ended:resting:100:900
after,saba,boundary-100/301ms,175,line-break,13443,100,31.706,900,900,1,0,9824,,,,31.706105,100,900,9498:release:calm:resting:99.596:0;9799:press:calm:winding:99.568:0;9824:start:calm:winding:100:3.4;9899:release:calm:resting:100:78.4;10200:press:calm:winding:99.972:78.4;10300:release:calm:resting:100:177;10601:press:calm:winding:99.972:177;10701:release:calm:resting:100:275.6;13443:line-break:ended:resting:100:900
after,saba,boundary-100/301ms,425,line-break,15327,100,37.499,900,900,1,0,11713,,,,36.674286,100,900,11713:start:struggling:winding:100:3.448;11753:release:struggling:resting:100:43.448;12054:press:struggling:winding:99.972:43.448;12154:release:struggling:resting:100:142.966;12455:press:struggling:winding:99.972:142.966;12555:release:struggling:resting:100:242.483;12856:press:calm:winding:99.972:242.483;12916:300ms:calm:winding:100:301.083;15327:line-break:ended:resting:100:900
after,saba,near100-release10ms,0,line-break,3695,100,40.045,900,900,1,0,2785,,700.517241,700.517241,40.045172,100,900,2785:start:struggling:winding:100:0.517;3085:300ms:struggling:winding:100:300.517;3385:600ms:calm:winding:100:600.517;3485:release:calm:resting:100:700.517;3495:after10ms:calm:resting:100:700.517;3495:press:calm:winding:100:700.517;3695:line-break:ended:resting:100:900
after,saba,near100-release10ms,175,line-break,3755,100,37.867,900,900,1,0,2845,,700.172414,700.172414,37.866724,100,900,2845:start:struggling:winding:100:0.172;3145:300ms:struggling:winding:100:300.172;3445:600ms:calm:winding:100:600.172;3545:release:calm:resting:100:700.172;3555:after10ms:calm:resting:100:700.172;3555:press:calm:winding:100:700.172;3755:line-break:ended:resting:100:900
after,saba,near100-release10ms,425,line-break,3905,100,35.901,900,900,1,0,2995,,703.62069,703.62069,35.901207,100,900,2995:start:struggling:winding:100:3.621;3295:300ms:calm:winding:100:303.621;3595:600ms:calm:winding:100:603.621;3695:release:calm:resting:100:703.621;3705:after10ms:calm:resting:100:703.621;3705:press:calm:winding:100:703.621;3905:line-break:ended:resting:100:900
after,tai,held,0,line-break,4055,100,34.3,900,900,1,0,3155,,,,29.030769,100,900,3155:start:struggling:winding:100:1.154;3455:300ms:struggling:winding:100:301.154;3755:600ms:struggling:winding:100:601.154;4055:line-break:ended:resting:100:900
after,tai,held,175,line-break,4115,100,31.85,900,900,1,0,3215,,,,26.298077,100,900,3215:start:struggling:winding:100:4.615;3515:300ms:struggling:winding:100:304.615;3815:600ms:struggling:winding:100:604.615;4115:line-break:ended:resting:100:900
after,tai,held,425,line-break,4245,100,28.35,900,900,1,0,3350,,,,22.125,100,900,3350:start:struggling:winding:100:5;3645:300ms:struggling:winding:100:300;3945:600ms:struggling:winding:100:600;4245:line-break:ended:resting:100:900
after,tai,adaptive-0ms,0,success,14945,62,100,0,0,0,0,,,,,100,24,0,14945:success:ended:resting:24:0
after,tai,adaptive-0ms,175,success,15120,58.325,100,0,0,0,0,,,,,100,27.675,0,15120:success:ended:resting:27.675:0
after,tai,adaptive-0ms,425,success,15370,49.575,100,0,0,0,0,,,,,100,32.925,0,15370:success:ended:resting:32.925:0
after,tai,adaptive-150ms,0,success,15345,63.05,100,0,0,0,0,,,,,100,29.1975,0,15345:success:ended:resting:29.198:0
after,tai,adaptive-150ms,175,success,15520,58.675,100,0,0,0,0,,,,,100,32.8725,0,15520:success:ended:resting:32.873:0
after,tai,adaptive-150ms,425,success,15770,46.425,100,0,0,0,0,,,,,100,38.1225,0,15770:success:ended:resting:38.123:0
after,tai,adaptive-200ms,0,success,15475,63.4,100,0,0,0,0,,,,,100,30.93,0,15475:success:ended:resting:30.93:0
after,tai,adaptive-200ms,175,success,15650,57.625,100,0,0,0,0,,,,,100,34.605,0,15650:success:ended:resting:34.605:0
after,tai,adaptive-200ms,425,success,18610,45.375,100,0,0,0,0,,,,,100,0.165,0,18610:success:ended:resting:0.165:0
after,tai,adaptive-250ms,0,success,15610,63.75,100,0,0,0,0,,,,,100,32.6625,0,15610:success:ended:resting:32.663:0
after,tai,adaptive-250ms,175,success,15785,56.575,100,0,0,0,0,,,,,100,36.3375,0,15785:success:ended:resting:36.338:0
after,tai,adaptive-250ms,425,success,18770,44.325,100,0,0,0,0,,,,,100,2.475,0,18770:success:ended:resting:2.475:0
after,tai,fixed-50/50ms,0,line-break,6145,100,24.242,900,900,1,0,4345,,,,24.242308,100,900,4345:start:struggling:winding:100:2.692;4350:release:struggling:resting:100:7.692;4400:press:struggling:winding:100:7.692;4450:release:struggling:resting:100:57.692;4500:press:struggling:winding:100:57.692;4550:release:struggling:resting:100:107.692;4600:press:calm:winding:100:107.692;4650:release:calm:resting:100:157.692;6145:line-break:ended:resting:100:900
after,tai,fixed-50/50ms,175,line-break,6220,100,23.532,900,900,1,0,4420,,,,23.531538,100,900,4420:start:struggling:winding:100:3.462;4425:release:struggling:resting:100:8.462;4475:press:struggling:winding:100:8.462;4525:release:struggling:resting:100:58.462;4575:press:struggling:winding:100:58.462;4625:release:calm:resting:100:108.462;4675:press:calm:winding:100:108.462;4725:release:calm:resting:100:158.462;6220:line-break:ended:resting:100:900
after,tai,fixed-50/50ms,425,line-break,6460,100,23.417,900,900,1,0,4660,,,,23.416667,100,900,4575:release:struggling:resting:99.3:0;4625:press:calm:winding:99.3:0;4660:start:calm:winding:100:1.667;4675:release:calm:resting:100:16.667;4725:press:calm:winding:100:16.667;4775:release:calm:resting:100:66.667;4825:press:calm:winding:100:66.667;4875:release:calm:resting:100:116.667;6460:line-break:ended:resting:100:900
after,tai,fixed-100/100ms,0,line-break,6095,100,24.242,900,900,1,0,4295,,,,24.242308,100,900,4295:start:struggling:winding:100:2.692;4300:release:struggling:resting:100:7.692;4400:press:struggling:winding:100:7.692;4500:release:struggling:resting:100:107.692;4600:press:calm:winding:100:107.692;4700:release:calm:resting:100:207.692;4800:press:calm:winding:100:207.692;4895:300ms:calm:winding:100:302.692;6095:line-break:ended:resting:100:900
after,tai,fixed-100/100ms,175,line-break,6220,100,23.532,900,900,1,0,4420,,,,23.531538,100,900,4420:start:struggling:winding:100:3.462;4475:release:struggling:resting:100:58.462;4575:press:struggling:winding:100:58.462;4675:release:calm:resting:100:158.462;4775:press:calm:winding:100:158.462;4875:release:calm:resting:100:258.462;4975:press:calm:winding:100:258.462;5020:300ms:calm:winding:100:303.462;6220:line-break:ended:resting:100:900
after,tai,fixed-100/100ms,425,line-break,6460,100,23.417,900,900,1,0,4660,,,,23.416667,100,900,4525:release:struggling:resting:99.3:0;4625:press:calm:winding:99.3:0;4660:start:calm:winding:100:1.667;4725:release:calm:resting:100:66.667;4825:press:calm:winding:100:66.667;4925:release:calm:resting:100:166.667;5025:press:calm:winding:100:166.667;5125:release:calm:resting:100:266.667;6460:line-break:ended:resting:100:900
after,tai,fixed-50/150ms,0,line-break,12245,100,21.725,900,900,1,0,8645,,,,21.513462,100,900,8645:start:struggling:winding:100:2.692;8650:release:struggling:resting:100:7.692;8800:press:struggling:winding:100:7.692;8850:release:struggling:resting:100:57.692;9000:press:struggling:winding:100:57.692;9050:release:struggling:resting:100:107.692;9200:press:calm:winding:100:107.692;9250:release:calm:resting:100:157.692;12245:line-break:ended:resting:100:900
after,tai,fixed-50/150ms,175,line-break,12405,100,21.375,900,900,1,0,8805,,,,21.123077,100,900,8805:start:struggling:winding:100:4.615;8825:release:struggling:resting:100:24.615;8975:press:struggling:winding:100:24.615;9025:release:struggling:resting:100:74.615;9175:press:struggling:winding:100:74.615;9225:release:calm:resting:100:124.615;9375:press:calm:winding:100:124.615;9425:release:calm:resting:100:174.615;12405:line-break:ended:resting:100:900
after,tai,fixed-50/150ms,425,line-break,12655,100,20.325,900,900,1,0,9055,,,,19.682692,100,900,9055:start:struggling:winding:100:1.538;9075:release:struggling:resting:100:21.538;9225:press:calm:winding:100:21.538;9275:release:calm:resting:100:71.538;9425:press:calm:winding:100:71.538;9475:release:calm:resting:100:121.538;9625:press:calm:winding:100:121.538;9675:release:calm:resting:100:171.538;12655:line-break:ended:resting:100:900
after,tai,fixed-150/50ms,0,line-break,4725,100,25.725,900,900,1,0,3525,,,,21.448077,100,900,3525:start:struggling:winding:100:1.923;3550:release:struggling:resting:100:26.923;3600:press:struggling:winding:100:26.923;3750:release:struggling:resting:100:176.923;3800:press:struggling:winding:100:176.923;3925:300ms:struggling:winding:100:301.923;3950:release:struggling:resting:100:326.923;4000:press:struggling:winding:100:326.923;4725:line-break:ended:resting:100:900
after,tai,fixed-150/50ms,175,line-break,4815,100,23.975,900,900,1,0,3615,,,,20.263462,100,900,3615:start:struggling:winding:100:1.538;3725:release:struggling:resting:100:111.538;3775:press:struggling:winding:100:111.538;3925:release:struggling:resting:100:261.538;3975:press:struggling:winding:100:261.538;4015:300ms:struggling:winding:100:301.538;4125:release:struggling:resting:100:411.538;4175:press:struggling:winding:100:411.538;4815:line-break:ended:resting:100:900
after,tai,fixed-150/50ms,425,line-break,4950,100,21.525,900,900,1,0,3750,,,,19.358846,100,900,3750:start:struggling:winding:100:1.154;3775:release:struggling:resting:100:26.154;3825:press:struggling:winding:100:26.154;3975:release:struggling:resting:100:176.154;4025:press:struggling:winding:100:176.154;4150:300ms:struggling:winding:100:301.154;4175:release:struggling:resting:100:326.154;4225:press:struggling:winding:100:326.154;4950:line-break:ended:resting:100:900
after,tai,fixed-200/200ms,0,line-break,6150,100,24.269,900,900,1,0,4450,,,,24.269231,100,900,4450:start:struggling:winding:100:0.769;4600:release:calm:resting:100:150.769;4800:press:calm:winding:100:150.769;4950:300ms:calm:winding:100:300.769;5000:release:calm:resting:100:350.769;5200:press:calm:winding:100:350.769;5400:release:calm:resting:100:550.769;5600:press:calm:winding:100:550.769;6150:line-break:ended:resting:100:900
after,tai,fixed-200/200ms,175,line-break,6225,100,24.222,900,900,1,0,4325,,,,24.222115,100,900,4325:start:struggling:winding:100:0.385;4375:release:struggling:resting:100:50.385;4575:press:struggling:winding:100:50.385;4775:release:calm:resting:100:250.385;4975:press:calm:winding:100:250.385;5025:300ms:calm:winding:100:300.385;5175:release:calm:resting:100:450.385;5375:press:calm:winding:100:450.385;6225:line-break:ended:resting:100:900
after,tai,fixed-200/200ms,425,line-break,6480,100,23.121,900,900,1,0,4580,,,,23.120962,100,900,4580:start:struggling:winding:100:1.538;4625:release:calm:resting:100:46.538;4825:press:calm:winding:100:46.538;5025:release:calm:resting:100:246.538;5225:press:calm:winding:100:246.538;5280:300ms:calm:winding:100:301.538;5425:release:calm:resting:100:446.538;5625:press:calm:winding:100:446.538;6480:line-break:ended:resting:100:900
after,tai,fixed-500/50ms,0,line-break,4250,100,31.57,900,900,1,0,3250,,,,25.843077,100,900,3250:start:struggling:winding:100:4.615;3250:release:struggling:resting:100:4.615;3300:press:struggling:winding:100:4.615;3600:300ms:struggling:winding:100:304.615;3800:release:struggling:resting:100:504.615;3850:press:struggling:winding:100:504.615;3950:600ms:struggling:winding:100:604.615;4250:line-break:ended:resting:100:900
after,tai,fixed-500/50ms,175,line-break,4305,100,29.12,900,900,1,0,3305,,,,23.110385,100,900,3305:start:struggling:winding:100:3.077;3425:release:struggling:resting:100:123.077;3475:press:struggling:winding:100:123.077;3655:300ms:struggling:winding:100:303.077;3955:600ms:struggling:winding:100:603.077;3975:release:struggling:resting:100:623.077;4025:press:struggling:winding:100:623.077;4305:line-break:ended:resting:100:900
after,tai,fixed-500/50ms,425,line-break,4475,100,26.32,900,900,1,0,3475,,,,19.718077,100,900,3475:start:struggling:winding:100:4.615;3675:release:struggling:resting:100:204.615;3725:press:struggling:winding:100:204.615;3825:300ms:struggling:winding:100:304.615;4125:600ms:struggling:winding:100:604.615;4225:release:struggling:resting:100:704.615;4275:press:struggling:winding:100:704.615;4475:line-break:ended:resting:100:900
after,tai,fixed-20/500ms,0,undecided,180000,20.42,40.01,0,0,0,0,,,,,40.01,0.42,0,180000:undecided:calm:resting:0.42:0
after,tai,fixed-20/500ms,175,undecided,180000,20.42,39.75,0,0,0,0,,,,,39.73,0,0,180000:undecided:calm:resting:0:0
after,tai,fixed-20/500ms,425,undecided,180000,20,39.75,0,0,0,0,,,,,39.73,0.42,0,180000:undecided:calm:resting:0.42:0
after,tai,fixed-500/500ms,0,line-break,8335,100,29.3,900,900,1,0,5385,,,,27.631136,100,900,5385:start:calm:winding:100:4.048;5500:release:calm:resting:100:119.048;6000:press:calm:winding:94.4:119.048;6450:300ms:calm:winding:100:302.381;6500:release:calm:resting:100:352.381;7000:press:warning:winding:94.4:352.381;7450:600ms:warning:winding:100:602.381;7500:release:warning:resting:100:652.381;8335:line-break:ended:resting:100:900
after,tai,fixed-500/500ms,175,line-break,8670,100,29.675,900,900,1,0,6480,,,,26.845421,100,900,5675:release:calm:resting:99.2:0;6175:press:calm:winding:93.6:0;6480:start:calm:winding:100:0.238;6675:release:warning:resting:100:195.238;7175:press:warning:winding:94.4:195.238;7480:300ms:warning:winding:100:300.238;7675:release:struggling:resting:100:495.238;8175:press:struggling:winding:94.4:495.238;8670:line-break:ended:resting:100:900
after,tai,fixed-500/500ms,425,line-break,10760,100,38.424,900,900,1,0,7740,,,,38.42359,100,900,7740:start:struggling:winding:100:4.231;7925:release:struggling:resting:100:189.231;8425:press:struggling:winding:94.4:189.231;8625:300ms:struggling:winding:100:303.077;8925:600ms:struggling:winding:100:603.077;8925:release:struggling:resting:100:603.077;9425:press:calm:winding:94.4:603.077;9925:release:calm:resting:100:836.41;10760:line-break:ended:resting:100:900
after,tai,boundary-100/299ms,0,line-break,12374,100,22.072,900,900,1,0,8783,,,,22.053492,100,900,8479:release:struggling:resting:99.762:0;8778:press:struggling:winding:99.762:0;8783:start:struggling:winding:100:1.338;8878:release:struggling:resting:100:96.338;9177:press:struggling:winding:100:96.338;9277:release:calm:resting:100:196.338;9576:press:calm:winding:100:196.338;9676:release:calm:resting:100:296.338;12374:line-break:ended:resting:100:900
after,tai,boundary-100/299ms,175,line-break,12240,100,21.75,900,900,1,0,8649,,,,21.571954,100,900,8649:start:struggling:winding:100:4.431;8654:release:struggling:resting:100:9.431;8953:press:struggling:winding:100:9.431;9053:release:struggling:resting:100:109.431;9352:press:calm:winding:100:109.431;9452:release:calm:resting:100:209.431;9751:press:calm:winding:100:209.431;9846:300ms:calm:winding:100:304.431;12240:line-break:ended:resting:100:900
after,tai,boundary-100/299ms,425,line-break,12475,100,20.655,900,900,1,0,8884,,,,20.263092,100,900,8884:start:struggling:winding:100:1.538;8904:release:struggling:resting:100:21.538;9203:press:calm:winding:100:21.538;9303:release:calm:resting:100:121.538;9602:press:calm:winding:100:121.538;9702:release:calm:resting:100:221.538;10001:press:calm:winding:100:221.538;10081:300ms:calm:winding:100:301.538;12475:line-break:ended:resting:100:900
after,tai,boundary-100/300ms,0,line-break,12095,100,21.992,900,900,1,0,8495,,,,21.991538,100,900,8495:start:struggling:winding:100:2.692;8500:release:struggling:resting:100:7.692;8800:press:struggling:winding:100:7.692;8900:release:struggling:resting:100:107.692;9200:press:calm:winding:100:107.692;9300:release:calm:resting:100:207.692;9600:press:calm:winding:100:207.692;9695:300ms:calm:winding:100:302.692;12095:line-break:ended:resting:100:900
after,tai,boundary-100/300ms,175,line-break,12270,100,21.568,900,900,1,0,8670,,,,21.230962,100,900,8670:start:struggling:winding:100:2.692;8675:release:struggling:resting:100:7.692;8975:press:struggling:winding:100:7.692;9075:release:struggling:resting:100:107.692;9375:press:calm:winding:100:107.692;9475:release:calm:resting:100:207.692;9775:press:calm:winding:100:207.692;9870:300ms:calm:winding:100:302.692;12270:line-break:ended:resting:100:900
after,tai,boundary-100/300ms,425,line-break,12505,100,20.64,900,900,1,0,8905,,,,20.247692,100,900,8905:start:struggling:winding:100:1.538;8925:release:struggling:resting:100:21.538;9225:press:calm:winding:100:21.538;9325:release:calm:resting:100:121.538;9625:press:calm:winding:100:121.538;9725:release:calm:resting:100:221.538;10025:press:calm:winding:100:221.538;10105:300ms:calm:winding:100:301.538;12505:line-break:ended:resting:100:900
after,tai,boundary-100/301ms,0,line-break,12446,100,22.04,900,900,1,0,8827,,,,21.98059,100,900,8521:release:struggling:resting:99.912:0;8822:press:struggling:winding:99.884:0;8827:start:struggling:winding:100:3.215;8922:release:struggling:resting:100:98.215;9223:press:calm:winding:99.972:98.215;9323:release:calm:resting:100:196.882;9624:press:calm:winding:99.972:196.882;9724:release:calm:resting:100:295.549;12446:line-break:ended:resting:100:900
after,tai,boundary-100/301ms,175,line-break,12621,100,21.417,900,900,1,0,9002,,,,20.851444,100,900,8696:release:struggling:resting:99.799:0;8997:press:struggling:winding:99.771:0;9002:start:struggling:winding:100:1.477;9097:release:struggling:resting:100:96.477;9398:press:calm:winding:99.972:96.477;9498:release:calm:resting:100:195.144;9799:press:calm:winding:99.972:195.144;9899:release:calm:resting:100:293.81;12621:line-break:ended:resting:100:900
after,tai,boundary-100/301ms,425,line-break,12555,100,20.64,900,900,1,0,8936,,,,20.151974,100,900,8936:start:struggling:winding:100:2.492;8946:release:struggling:resting:100:12.492;9247:press:calm:winding:99.972:12.492;9347:release:calm:resting:100:111.159;9648:press:calm:winding:99.972:111.159;9748:release:calm:resting:100:209.826;10049:press:calm:winding:99.972:209.826;10144:300ms:calm:winding:100:303.492;12555:line-break:ended:resting:100:900
after,tai,near100-release10ms,0,line-break,4065,100,34.3,900,900,1,0,3155,,701.153846,701.153846,29.030769,100,900,3155:start:struggling:winding:100:1.154;3455:300ms:struggling:winding:100:301.154;3755:600ms:struggling:winding:100:601.154;3855:release:struggling:resting:100:701.154;3865:after10ms:struggling:resting:100:701.154;3865:press:struggling:winding:100:701.154;4065:line-break:ended:resting:100:900
after,tai,near100-release10ms,175,line-break,4125,100,31.85,900,900,1,0,3215,,704.615385,704.615385,26.298077,100,900,3215:start:struggling:winding:100:4.615;3515:300ms:struggling:winding:100:304.615;3815:600ms:struggling:winding:100:604.615;3915:release:struggling:resting:100:704.615;3925:after10ms:struggling:resting:100:704.615;3925:press:struggling:winding:100:704.615;4125:line-break:ended:resting:100:900
after,tai,near100-release10ms,425,line-break,4255,100,28.35,900,900,1,0,3350,,700,700,22.125,100,900,3350:start:struggling:winding:100:5;3645:300ms:struggling:winding:100:300;3945:600ms:struggling:winding:100:600;4045:release:struggling:resting:100:700;4055:after10ms:struggling:resting:100:700;4055:press:struggling:winding:100:700;4255:line-break:ended:resting:100:900
after,maguro,held,0,line-break,3885,100,27.81,900,900,1,0,2985,,,,22.226,100,900,2985:start:struggling:winding:100:4.333;3285:300ms:struggling:winding:100:304.333;3585:600ms:struggling:winding:100:604.333;3885:line-break:ended:resting:100:900
after,maguro,held,175,line-break,3940,100,25.71,900,900,1,0,3040,,,,19.79,100,900,3040:start:struggling:winding:100:3.333;3340:300ms:struggling:winding:100:303.333;3640:600ms:struggling:winding:100:603.333;3940:line-break:ended:resting:100:900
after,maguro,held,425,line-break,4065,100,22.71,900,900,1,0,3165,,,,16.03,100,900,3165:start:struggling:winding:100:1.667;3465:300ms:struggling:winding:100:301.667;3765:600ms:struggling:winding:100:601.667;4065:line-break:ended:resting:100:900
after,maguro,adaptive-0ms,0,success,21335,63.2,100,0,0,0,0,,,,,100,27.2,0,21335:success:ended:resting:27.2:0
after,maguro,adaptive-0ms,175,success,21510,59,100,0,0,0,0,,,,,100,31.4,0,21510:success:ended:resting:31.4:0
after,maguro,adaptive-0ms,425,success,21760,49.5,100,0,0,0,0,,,,,100,37.4,0,21760:success:ended:resting:37.4:0
after,maguro,adaptive-150ms,0,success,21815,64.1,100,0,0,0,0,,,,,100,35.12,0,21815:success:ended:resting:35.12:0
after,maguro,adaptive-150ms,175,success,21990,59.2,100,0,0,0,0,,,,,100,39.32,0,21990:success:ended:resting:39.32:0
after,maguro,adaptive-150ms,425,success,25575,46.2,100,0,0,0,0,,,,,100,4.1,0,25575:success:ended:resting:4.1:0
after,maguro,adaptive-200ms,0,success,21975,64.4,100,0,0,0,0,,,,,100,37.76,0,21975:success:ended:resting:37.76:0
after,maguro,adaptive-200ms,175,success,25510,58.1,100,0,0,0,0,,,,,100,1.4,0,25510:success:ended:resting:1.4:0
after,maguro,adaptive-200ms,425,success,25760,45.1,100,0,0,0,0,,,,,100,7.4,0,25760:success:ended:resting:7.4:0
after,maguro,adaptive-250ms,0,success,25525,64.7,100,0,0,0,0,,,,,100,0.5,0,25525:success:ended:resting:0.5:0
after,maguro,adaptive-250ms,175,success,25700,57,100,0,0,0,0,,,,,100,4.7,0,25700:success:ended:resting:4.7:0
after,maguro,adaptive-250ms,425,success,25950,44.7,100,0,0,0,0,,,,,100,10.7,0,25950:success:ended:resting:10.7:0
after,maguro,fixed-50/50ms,0,line-break,5840,100,14.04,900,900,1,0,4040,,,,12.404,100,900,4040:start:struggling:winding:100:1.333;4050:release:struggling:resting:100:11.333;4100:press:struggling:winding:100:11.333;4150:release:struggling:resting:100:61.333;4200:press:struggling:winding:100:61.333;4250:release:struggling:resting:100:111.333;4300:press:struggling:winding:100:111.333;4350:release:struggling:resting:100:161.333;5840:line-break:ended:resting:100:900
after,maguro,fixed-50/50ms,175,line-break,5900,100,13.005,900,900,1,0,4100,,,,11.777,100,900,4100:start:struggling:winding:100:2.333;4125:release:struggling:resting:100:27.333;4175:press:struggling:winding:100:27.333;4225:release:struggling:resting:100:77.333;4275:press:struggling:winding:100:77.333;4325:release:struggling:resting:100:127.333;4375:press:struggling:winding:100:127.333;4425:release:struggling:resting:100:177.333;5900:line-break:ended:resting:100:900
after,maguro,fixed-50/50ms,425,line-break,6060,100,11.505,900,900,1,0,4260,,,,11.317,100,900,4260:start:struggling:winding:100:0.667;4275:release:struggling:resting:100:15.667;4325:press:struggling:winding:100:15.667;4375:release:struggling:resting:100:65.667;4425:press:struggling:winding:100:65.667;4475:release:struggling:resting:100:115.667;4525:press:struggling:winding:100:115.667;4575:release:struggling:resting:100:165.667;6060:line-break:ended:resting:100:900
after,maguro,fixed-100/100ms,0,line-break,5840,100,14.04,900,900,1,0,4040,,,,12.404,100,900,4040:start:struggling:winding:100:1.333;4100:release:struggling:resting:100:61.333;4200:press:struggling:winding:100:61.333;4300:release:struggling:resting:100:161.333;4400:press:struggling:winding:100:161.333;4500:release:struggling:resting:100:261.333;4600:press:struggling:winding:100:261.333;4640:300ms:struggling:winding:100:301.333;5840:line-break:ended:resting:100:900
after,maguro,fixed-100/100ms,175,line-break,5850,100,13.005,900,900,1,0,4050,,,,11.327,100,900,4050:start:struggling:winding:100:2.333;4075:release:struggling:resting:100:27.333;4175:press:struggling:winding:100:27.333;4275:release:struggling:resting:100:127.333;4375:press:struggling:winding:100:127.333;4475:release:struggling:resting:100:227.333;4575:press:struggling:winding:100:227.333;4650:300ms:struggling:winding:100:302.333;5850:line-break:ended:resting:100:900
after,maguro,fixed-100/100ms,425,line-break,6075,100,11.782,900,900,1,0,4275,,,,11.782,100,900,4275:start:struggling:winding:100:0.667;4325:release:struggling:resting:100:50.667;4425:press:struggling:winding:100:50.667;4525:release:struggling:resting:100:150.667;4625:press:struggling:winding:100:150.667;4725:release:struggling:resting:100:250.667;4825:press:struggling:winding:100:250.667;4875:300ms:struggling:winding:100:300.667;6075:line-break:ended:resting:100:900
after,maguro,fixed-50/150ms,0,line-break,11610,100,11.474,900,900,1,0,8010,,,,11.474,100,900,7850:release:warning:resting:99.35:0;8000:press:struggling:winding:99.35:0;8010:start:struggling:winding:100:1.333;8050:release:struggling:resting:100:41.333;8200:press:struggling:winding:100:41.333;8250:release:struggling:resting:100:91.333;8400:press:struggling:winding:100:91.333;8450:release:struggling:resting:100:141.333;11610:line-break:ended:resting:100:900
after,maguro,fixed-50/150ms,175,line-break,11620,100,11.72,900,900,1,0,8020,,,,11.72,100,900,8020:start:struggling:winding:100:3.333;8025:release:struggling:resting:100:8.333;8175:press:struggling:winding:100:8.333;8225:release:struggling:resting:100:58.333;8375:press:struggling:winding:100:58.333;8425:release:struggling:resting:100:108.333;8575:press:struggling:winding:100:108.333;8625:release:struggling:resting:100:158.333;11620:line-break:ended:resting:100:900
after,maguro,fixed-50/150ms,425,line-break,12030,100,11.668,900,900,1,0,8430,,,,11.6676,100,900,8275:release:struggling:resting:99.825:0;8425:press:struggling:winding:99.825:0;8430:start:struggling:winding:100:2.667;8475:release:struggling:resting:100:47.667;8625:press:struggling:winding:100:47.667;8675:release:struggling:resting:100:97.667;8825:press:struggling:winding:100:97.667;8875:release:struggling:resting:100:147.667;12030:line-break:ended:resting:100:900
after,maguro,fixed-150/50ms,0,line-break,4525,100,21.06,900,900,1,0,3325,,,,14.012,100,900,3325:start:struggling:winding:100:0.333;3350:release:struggling:resting:100:25.333;3400:press:struggling:winding:100:25.333;3550:release:struggling:resting:100:175.333;3600:press:struggling:winding:100:175.333;3725:300ms:struggling:winding:100:300.333;3750:release:struggling:resting:100:325.333;3800:press:struggling:winding:100:325.333;4525:line-break:ended:resting:100:900
after,maguro,fixed-150/50ms,175,line-break,4600,100,19.425,900,900,1,0,3400,,,,12.077,100,900,3400:start:struggling:winding:100:0.333;3525:release:struggling:resting:100:125.333;3575:press:struggling:winding:100:125.333;3725:release:struggling:resting:100:275.333;3775:press:struggling:winding:100:275.333;3800:300ms:struggling:winding:100:300.333;3925:release:struggling:resting:100:425.333;3975:press:struggling:winding:100:425.333;4600:line-break:ended:resting:100:900
after,maguro,fixed-150/50ms,425,line-break,4730,100,17.325,900,900,1,0,3530,,,,9.361,100,900,3530:start:struggling:winding:100:2.667;3575:release:struggling:resting:100:47.667;3625:press:struggling:winding:100:47.667;3775:release:struggling:resting:100:197.667;3825:press:struggling:winding:100:197.667;3930:300ms:struggling:winding:100:302.667;3975:release:struggling:resting:100:347.667;4025:press:struggling:winding:100:347.667;4730:line-break:ended:resting:100:900
after,maguro,fixed-200/200ms,0,line-break,5780,100,14.97,900,900,1,0,4080,,,,13.19,100,900,4080:start:struggling:winding:100:3.333;4200:release:struggling:resting:100:123.333;4400:press:struggling:winding:100:123.333;4580:300ms:struggling:winding:100:303.333;4600:release:struggling:resting:100:323.333;4800:press:struggling:winding:100:323.333;5000:release:struggling:resting:100:523.333;5200:press:calm:winding:100:523.333;5780:line-break:ended:resting:100:900
after,maguro,fixed-200/200ms,175,line-break,5850,100,13.005,900,900,1,0,3950,,,,11.327,100,900,3950:start:struggling:winding:100:2.333;3975:release:struggling:resting:100:27.333;4175:press:struggling:winding:100:27.333;4375:release:struggling:resting:100:227.333;4575:press:struggling:winding:100:227.333;4650:300ms:struggling:winding:100:302.333;4775:release:struggling:resting:100:427.333;4975:press:struggling:winding:100:427.333;5850:line-break:ended:resting:100:900
after,maguro,fixed-200/200ms,425,line-break,6100,100,12.27,900,900,1,0,4200,,,,11.464,100,900,4200:start:struggling:winding:100:4.667;4225:release:struggling:resting:100:29.667;4425:press:struggling:winding:100:29.667;4625:release:struggling:resting:100:229.667;4825:press:struggling:winding:100:229.667;4900:300ms:struggling:winding:100:304.667;5025:release:struggling:resting:100:429.667;5225:press:calm:winding:100:429.667;6100:line-break:ended:resting:100:900
after,maguro,fixed-500/50ms,0,line-break,4070,100,25.47,900,900,1,0,3070,,,,19.358,100,900,3070:start:struggling:winding:100:1.333;3250:release:struggling:resting:100:181.333;3300:press:struggling:winding:100:181.333;3420:300ms:struggling:winding:100:301.333;3720:600ms:struggling:winding:100:601.333;3800:release:struggling:resting:100:681.333;3850:press:struggling:winding:100:681.333;4070:line-break:ended:resting:100:900
after,maguro,fixed-500/50ms,175,line-break,4130,100,23.535,900,900,1,0,3130,,,,17.075,100,900,3130:start:struggling:winding:100:3.333;3425:release:struggling:resting:100:298.333;3475:press:struggling:winding:100:298.333;3480:300ms:struggling:winding:100:303.333;3780:600ms:struggling:winding:100:603.333;3975:release:struggling:resting:100:798.333;4025:press:struggling:winding:100:798.333;4130:line-break:ended:resting:100:900
after,maguro,fixed-500/50ms,425,line-break,4290,100,20.97,900,900,1,0,3290,,,,13.858,100,900,3290:start:struggling:winding:100:4.667;3590:300ms:struggling:winding:100:304.667;3675:release:struggling:resting:100:389.667;3725:press:struggling:winding:100:389.667;3940:600ms:struggling:winding:100:604.667;4225:release:struggling:resting:100:889.667;4275:press:struggling:winding:100:889.667;4290:line-break:ended:resting:100:900
after,maguro,fixed-20/500ms,0,undecided,180000,20.48,21.768,0,0,0,0,,,,,21.648,1.5,0,180000:undecided:struggling:resting:1.5:0
after,maguro,fixed-20/500ms,175,undecided,180000,20.48,21.459,0,0,0,0,,,,,21.459,0,0,180000:undecided:struggling:resting:0:0
after,maguro,fixed-20/500ms,425,undecided,180000,20,21.612,0,0,0,0,,,,,21.492,1.5,0,180000:undecided:struggling:resting:1.5:0
after,maguro,fixed-500/500ms,0,line-break,7295,100,21.379,900,900,1,0,4350,,,,21.37905,100,900,4350:start:struggling:winding:100:4.667;4500:release:struggling:resting:100:154.667;5000:press:struggling:winding:94.4:154.667;5275:300ms:calm:winding:100:302.583;5500:release:calm:resting:100:527.583;6000:press:calm:winding:94.4:527.583;6310:600ms:calm:winding:100:604.25;6500:release:calm:resting:100:794.25;7295:line-break:ended:resting:100:900
after,maguro,fixed-500/500ms,175,line-break,7575,100,22.853,900,900,1,0,4525,,,,22.8528,100,900,4525:start:struggling:winding:100:4.667;4675:release:struggling:resting:100:154.667;5175:press:calm:winding:94.4:154.667;5555:300ms:calm:winding:100:301.333;5675:release:calm:resting:100:421.333;6175:press:calm:winding:94.4:421.333;6590:600ms:calm:winding:100:603;6675:release:calm:resting:100:688;7575:line-break:ended:resting:100:900
after,maguro,fixed-500/500ms,425,line-break,7865,100,21.731,900,900,1,0,4810,,,,21.7308,100,900,4810:start:struggling:winding:100:3;4925:release:struggling:resting:100:118;5425:press:calm:winding:94.4:118;5845:300ms:calm:winding:100:304.667;5925:release:calm:resting:100:384.667;6425:press:calm:winding:94.4:384.667;6875:600ms:warning:winding:100:601.333;6925:release:warning:resting:100:651.333;7865:line-break:ended:resting:100:900
after,maguro,boundary-100/299ms,0,line-break,11631,100,12.383,900,900,1,0,8040,,,,12.38252,100,900,8040:start:struggling:winding:100:3.973;8080:release:struggling:resting:100:43.973;8379:press:struggling:winding:100:43.973;8479:release:struggling:resting:100:143.973;8778:press:struggling:winding:100:143.973;8878:release:struggling:resting:100:243.973;9177:press:struggling:winding:100:243.973;9237:300ms:struggling:winding:100:303.973;11631:line-break:ended:resting:100:900
after,maguro,boundary-100/299ms,175,line-break,11402,100,10.92,900,900,1,0,7811,,,,10.9202,100,900,7811:start:warning:winding:100:0.433;7856:release:warning:resting:100:45.433;8155:press:struggling:winding:100:45.433;8255:release:struggling:resting:100:145.433;8554:press:struggling:winding:100:145.433;8654:release:struggling:resting:100:245.433;8953:press:struggling:winding:100:245.433;9008:300ms:struggling:winding:100:300.433;11402:line-break:ended:resting:100:900
after,maguro,boundary-100/299ms,425,line-break,12021,100,11.44,900,900,1,0,8430,,,,11.439912,100,900,8430:start:struggling:winding:100:4.387;8505:release:struggling:resting:100:79.387;8804:press:struggling:winding:100:79.387;8904:release:struggling:resting:100:179.387;9203:press:struggling:winding:100:179.387;9303:release:struggling:resting:100:279.387;9602:press:struggling:winding:100:279.387;9627:300ms:struggling:winding:100:304.387;12021:line-break:ended:resting:100:900
after,maguro,boundary-100/300ms,0,line-break,11645,100,11.882,900,900,1,0,8045,,,,11.882,100,900,8045:start:struggling:winding:100:2.333;8100:release:struggling:resting:100:57.333;8400:press:struggling:winding:100:57.333;8500:release:struggling:resting:100:157.333;8800:press:struggling:winding:100:157.333;8900:release:struggling:resting:100:257.333;9200:press:struggling:winding:100:257.333;9245:300ms:struggling:winding:100:302.333;11645:line-break:ended:resting:100:900
after,maguro,boundary-100/300ms,175,line-break,11450,100,11.345,900,900,1,0,7850,,,,11.345,100,900,7850:start:warning:winding:100:0.833;7875:release:warning:resting:100:25.833;8175:press:struggling:winding:100:25.833;8275:release:struggling:resting:100:125.833;8575:press:struggling:winding:100:125.833;8675:release:struggling:resting:100:225.833;8975:press:struggling:winding:100:225.833;9050:300ms:struggling:winding:100:300.833;11450:line-break:ended:resting:100:900
after,maguro,boundary-100/300ms,425,line-break,12045,100,11.759,900,900,1,0,8445,,,,11.7594,100,900,8445:start:struggling:winding:100:0.667;8525:release:struggling:resting:100:80.667;8825:press:struggling:winding:100:80.667;8925:release:struggling:resting:100:180.667;9225:press:struggling:winding:100:180.667;9325:release:struggling:resting:100:280.667;9625:press:struggling:winding:100:280.667;9645:300ms:struggling:winding:100:300.667;12045:line-break:ended:resting:100:900
after,maguro,boundary-100/301ms,0,line-break,11689,100,12.371,900,900,1,0,8070,,,,12.37148,100,900,8070:start:struggling:winding:100:1.227;8120:release:struggling:resting:100:51.227;8421:press:struggling:winding:99.972:51.227;8521:release:struggling:resting:100:150.853;8822:press:struggling:winding:99.972:150.853;8922:release:struggling:resting:100:250.48;9223:press:struggling:winding:99.972:250.48;9273:300ms:struggling:winding:100:300.107;11689:line-break:ended:resting:100:900
after,maguro,boundary-100/301ms,175,line-break,11819,100,11.992,900,900,1,0,8200,,,,11.9922,100,900,7894:release:warning:resting:99.655:0;8195:press:struggling:winding:99.627:0;8200:start:struggling:winding:100:0.027;8295:release:struggling:resting:100:95.027;8596:press:struggling:winding:99.972:95.027;8696:release:struggling:resting:100:194.653;8997:press:struggling:winding:99.972:194.653;9097:release:struggling:resting:100:294.28;11819:line-break:ended:resting:100:900
after,maguro,boundary-100/301ms,425,line-break,12089,100,12.158,900,900,1,0,8475,,,,12.157512,100,900,8475:start:struggling:winding:100:4.48;8545:release:struggling:resting:100:74.48;8846:press:struggling:winding:99.972:74.48;8946:release:struggling:resting:100:174.107;9247:press:struggling:winding:99.972:174.107;9347:release:struggling:resting:100:273.733;9648:press:struggling:winding:99.972:273.733;9678:300ms:struggling:winding:100:303.36;12089:line-break:ended:resting:100:900
after,maguro,near100-release10ms,0,line-break,3895,100,27.81,900,900,1,0,2985,,704.333333,704.333333,22.226,100,900,2985:start:struggling:winding:100:4.333;3285:300ms:struggling:winding:100:304.333;3585:600ms:struggling:winding:100:604.333;3685:release:struggling:resting:100:704.333;3695:after10ms:struggling:resting:100:704.333;3695:press:struggling:winding:100:704.333;3895:line-break:ended:resting:100:900
after,maguro,near100-release10ms,175,line-break,3950,100,25.71,900,900,1,0,3040,,703.333333,703.333333,19.79,100,900,3040:start:struggling:winding:100:3.333;3340:300ms:struggling:winding:100:303.333;3640:600ms:struggling:winding:100:603.333;3740:release:struggling:resting:100:703.333;3750:after10ms:struggling:resting:100:703.333;3750:press:struggling:winding:100:703.333;3950:line-break:ended:resting:100:900
after,maguro,near100-release10ms,425,line-break,4075,100,22.71,900,900,1,0,3165,,701.666667,701.666667,16.03,100,900,3165:start:struggling:winding:100:1.667;3465:300ms:struggling:winding:100:301.667;3765:600ms:struggling:winding:100:601.667;3865:release:struggling:resting:100:701.667;3875:after10ms:struggling:resting:100:701.667;3875:press:struggling:winding:100:701.667;4075:line-break:ended:resting:100:900
after,gold,held,0,line-break,3570,100,27.82,900,900,1,0,2670,,,,22.453333,100,900,2670:start:warning:winding:100:3.333;2970:300ms:struggling:winding:100:303.333;3270:600ms:struggling:winding:100:603.333;3570:line-break:ended:resting:100:900
after,gold,held,175,line-break,3695,100,25.545,900,900,1,0,2795,,,,19.293611,100,900,2795:start:warning:winding:100:1.944;3095:300ms:struggling:winding:100:301.944;3395:600ms:struggling:winding:100:601.944;3695:line-break:ended:resting:100:900
after,gold,held,425,line-break,3815,100,22.295,900,900,1,0,2915,,,,15.192059,100,900,2915:start:struggling:winding:100:0.294;3215:300ms:struggling:winding:100:300.294;3515:600ms:struggling:winding:100:600.294;3815:line-break:ended:resting:100:900
after,gold,adaptive-0ms,0,success,22095,61.6,100,0,0,0,0,,,,,100,33.6,0,22095:success:ended:resting:33.6:0
after,gold,adaptive-0ms,175,success,22270,57.05,100,0,0,0,0,,,,,100,38.15,0,22270:success:ended:resting:38.15:0
after,gold,adaptive-0ms,425,success,26120,47.05,100,0,0,0,0,,,,,100,3.05,0,26120:success:ended:resting:3.05:0
after,gold,adaptive-150ms,0,success,26255,63.1,100,0,0,0,0,,,,,100,2.725,0,26255:success:ended:resting:2.725:0
after,gold,adaptive-150ms,175,success,26430,57.85,100,0,0,0,0,,,,,100,7.275,0,26430:success:ended:resting:7.275:0
after,gold,adaptive-150ms,425,success,26680,44.35,100,0,0,0,0,,,,,100,13.775,0,26680:success:ended:resting:13.775:0
after,gold,adaptive-200ms,0,success,26445,63.6,100,0,0,0,0,,,,,100,6.3,0,26445:success:ended:resting:6.3:0
after,gold,adaptive-200ms,175,success,26620,56.95,100,0,0,0,0,,,,,100,10.85,0,26620:success:ended:resting:10.85:0
after,gold,adaptive-200ms,425,success,26870,43.6,100,0,0,0,0,,,,,100,17.35,0,26870:success:ended:resting:17.35:0
after,gold,adaptive-250ms,0,success,26630,64.1,100,0,0,0,0,,,,,100,9.875,0,26630:success:ended:resting:9.875:0
after,gold,adaptive-250ms,175,success,26805,56.05,100,0,0,0,0,,,,,100,14.425,0,26805:success:ended:resting:14.425:0
after,gold,adaptive-250ms,425,success,27055,44.1,100,0,0,0,0,,,,,100,20.925,0,27055:success:ended:resting:20.925:0
after,gold,fixed-50/50ms,0,line-break,5445,100,13.91,900,900,1,0,3645,,,,7.360588,100,900,3645:start:struggling:winding:100:2.647;3650:release:struggling:resting:100:7.647;3700:press:struggling:winding:100:7.647;3750:release:struggling:resting:100:57.647;3800:press:struggling:winding:100:57.647;3850:release:struggling:resting:100:107.647;3900:press:struggling:winding:100:107.647;3950:release:struggling:resting:100:157.647;5445:line-break:ended:resting:100:900
after,gold,fixed-50/50ms,175,line-break,5520,100,12.935,900,900,1,0,3720,,,,6.683824,100,900,3720:start:struggling:winding:100:4.706;3725:release:struggling:resting:100:9.706;3775:press:struggling:winding:100:9.706;3825:release:struggling:resting:100:59.706;3875:press:struggling:winding:100:59.706;3925:release:struggling:resting:100:109.706;3975:press:struggling:winding:100:109.706;4025:release:struggling:resting:100:159.706;5520:line-break:ended:resting:100:900
after,gold,fixed-50/50ms,425,line-break,5670,100,11.31,900,900,1,0,3870,,,,6.091176,100,900,3870:start:struggling:winding:100:0.294;3875:release:struggling:resting:100:5.294;3925:press:struggling:winding:100:5.294;3975:release:struggling:resting:100:55.294;4025:press:struggling:winding:100:55.294;4075:release:struggling:resting:100:105.294;4125:press:struggling:winding:100:105.294;4175:release:struggling:resting:100:155.294;5670:line-break:ended:resting:100:900
after,gold,fixed-100/100ms,0,line-break,5445,100,13.91,900,900,1,0,3645,,,,7.360588,100,900,3645:start:struggling:winding:100:2.647;3700:release:struggling:resting:100:57.647;3800:press:struggling:winding:100:57.647;3900:release:struggling:resting:100:157.647;4000:press:struggling:winding:100:157.647;4100:release:struggling:resting:100:257.647;4200:press:struggling:winding:100:257.647;4245:300ms:struggling:winding:100:302.647;5445:line-break:ended:resting:100:900
after,gold,fixed-100/100ms,175,line-break,5470,100,12.935,900,900,1,0,3670,,,,6.683824,100,900,3670:start:struggling:winding:100:4.706;3675:release:struggling:resting:100:9.706;3775:press:struggling:winding:100:9.706;3875:release:struggling:resting:100:109.706;3975:press:struggling:winding:100:109.706;4075:release:struggling:resting:100:209.706;4175:press:struggling:winding:100:209.706;4270:300ms:struggling:winding:100:304.706;5470:line-break:ended:resting:100:900
after,gold,fixed-100/100ms,425,line-break,5670,100,11.31,900,900,1,0,3870,,,,6.091176,100,900,3870:start:struggling:winding:100:0.294;3925:release:struggling:resting:100:55.294;4025:press:struggling:winding:100:55.294;4125:release:struggling:resting:100:155.294;4225:press:struggling:winding:100:155.294;4325:release:struggling:resting:100:255.294;4425:press:struggling:winding:100:255.294;4470:300ms:struggling:winding:100:300.294;5670:line-break:ended:resting:100:900
after,gold,fixed-50/150ms,0,line-break,9850,100,9.71,900,900,1,0,6405,,,,6.21,100,900,6250:release:calm:resting:100:0;6400:press:calm:winding:100:0;6405:start:calm:winding:100:5;6450:release:calm:resting:100:50;6600:press:calm:winding:100:50;6650:release:calm:resting:100:100;6800:press:warning:winding:100:100;6850:release:warning:resting:100:150;9850:line-break:ended:resting:100:900
after,gold,fixed-50/150ms,175,line-break,10025,100,9.385,900,900,1,0,6580,,,,5.71,100,900,6425:release:calm:resting:100:0;6575:press:calm:winding:100:0;6580:start:calm:winding:100:5;6625:release:calm:resting:100:50;6775:press:calm:winding:100:50;6825:release:warning:resting:100:100;6975:press:warning:winding:100:100;7025:release:warning:resting:100:150;10025:line-break:ended:resting:100:900
after,gold,fixed-50/150ms,425,line-break,10675,100,8.41,900,900,1,0,7075,,,,5.473889,100,900,7075:start:warning:winding:100:2.778;7075:release:warning:resting:100:2.778;7225:press:warning:winding:100:2.778;7275:release:warning:resting:100:52.778;7425:press:warning:winding:100:52.778;7475:release:warning:resting:100:102.778;7625:press:warning:winding:100:102.778;7675:release:warning:resting:100:152.778;10675:line-break:ended:resting:100:900
after,gold,fixed-150/50ms,0,line-break,4245,100,20.865,900,900,1,0,3045,,,,13.214412,100,900,3045:start:struggling:winding:100:2.059;3150:release:struggling:resting:100:107.059;3200:press:struggling:winding:100:107.059;3350:release:struggling:resting:100:257.059;3400:press:struggling:winding:100:257.059;3445:300ms:struggling:winding:100:302.059;3550:release:struggling:resting:100:407.059;3600:press:struggling:winding:100:407.059;4245:line-break:ended:resting:100:900
after,gold,fixed-150/50ms,175,line-break,4285,100,19.24,900,900,1,0,3085,,,,11.321765,100,900,3085:start:struggling:winding:100:3.824;3125:release:struggling:resting:100:43.824;3175:press:struggling:winding:100:43.824;3325:release:struggling:resting:100:193.824;3375:press:struggling:winding:100:193.824;3485:300ms:struggling:winding:100:303.824;3525:release:struggling:resting:100:343.824;3575:press:struggling:winding:100:343.824;4285:line-break:ended:resting:100:900
after,gold,fixed-150/50ms,425,line-break,4455,100,16.965,900,900,1,0,3255,,,,8.383824,100,900,3255:start:struggling:winding:100:4.118;3375:release:struggling:resting:100:124.118;3425:press:struggling:winding:100:124.118;3575:release:struggling:resting:100:274.118;3625:press:struggling:winding:100:274.118;3655:300ms:struggling:winding:100:304.118;3775:release:struggling:resting:100:424.118;3825:press:struggling:winding:100:424.118;4455:line-break:ended:resting:100:900
after,gold,fixed-200/200ms,0,line-break,5345,100,13.91,900,900,1,0,3645,,,,7.360588,100,900,3645:start:struggling:winding:100:2.647;3800:release:struggling:resting:100:157.647;4000:press:struggling:winding:100:157.647;4145:300ms:struggling:winding:100:302.647;4200:release:struggling:resting:100:357.647;4400:press:struggling:winding:100:357.647;4600:release:struggling:resting:100:557.647;4800:press:struggling:winding:100:557.647;5345:line-break:ended:resting:100:900
after,gold,fixed-200/200ms,175,line-break,5520,100,13.91,900,900,1,0,3820,,,,7.360588,100,900,3820:start:struggling:winding:100:2.647;3975:release:struggling:resting:100:157.647;4175:press:struggling:winding:100:157.647;4320:300ms:struggling:winding:100:302.647;4375:release:struggling:resting:100:357.647;4575:press:struggling:winding:100:357.647;4775:release:struggling:resting:100:557.647;4975:press:struggling:winding:100:557.647;5520:line-break:ended:resting:100:900
after,gold,fixed-200/200ms,425,line-break,5670,100,11.31,900,900,1,0,3770,,,,6.091176,100,900,3770:start:struggling:winding:100:0.294;3825:release:struggling:resting:100:55.294;4025:press:struggling:winding:100:55.294;4225:release:struggling:resting:100:255.294;4425:press:struggling:winding:100:255.294;4470:300ms:struggling:winding:100:300.294;4625:release:struggling:resting:100:455.294;4825:press:struggling:winding:100:455.294;5670:line-break:ended:resting:100:900
after,gold,fixed-500/50ms,0,line-break,3790,100,25.643,900,900,1,0,2840,,,,19.078971,100,900,2840:start:struggling:winding:100:2.353;3140:300ms:struggling:winding:100:302.353;3250:release:struggling:resting:100:412.353;3300:press:struggling:winding:100:412.353;3490:600ms:struggling:winding:100:602.353;3790:line-break:ended:resting:100:900
after,gold,fixed-500/50ms,175,line-break,3870,100,23.66,900,900,1,0,2875,,,,16.87,100,900,2875:start:struggling:winding:100:5;2875:release:struggling:resting:100:5;2925:press:struggling:winding:100:5;3220:300ms:struggling:winding:100:300;3425:release:struggling:resting:100:505;3475:press:struggling:winding:100:505;3570:600ms:struggling:winding:100:600;3870:line-break:ended:resting:100:900
after,gold,fixed-500/50ms,425,line-break,3990,100,20.41,900,900,1,0,2990,,,,12.796471,100,900,2990:start:struggling:winding:100:2.353;3125:release:struggling:resting:100:137.353;3175:press:struggling:winding:100:137.353;3340:300ms:struggling:winding:100:302.353;3640:600ms:struggling:winding:100:602.353;3675:release:struggling:resting:100:637.353;3725:press:struggling:winding:100:637.353;3990:line-break:ended:resting:100:900
after,gold,fixed-20/500ms,0,undecided,180000,20.52,25.55,0,0,0,0,,,,,25.41,1.7,0,180000:undecided:struggling:resting:1.7:0
after,gold,fixed-20/500ms,175,undecided,180000,20.52,20.545,0,0,0,0,,,,,20.545,0,0,180000:undecided:struggling:resting:0:0
after,gold,fixed-20/500ms,425,undecided,180000,20,11.69,0,0,0,0,,,,,11.55,1.7,0,180000:undecided:struggling:resting:1.7:0
after,gold,fixed-500/500ms,0,line-break,6370,100,16.213,900,900,1,0,4190,,,,16.213235,100,900,4190:start:struggling:winding:100:2.941;4490:300ms:struggling:winding:100:302.941;4500:release:struggling:resting:100:312.941;5000:press:struggling:winding:94.4:312.941;5355:600ms:calm:winding:100:602.059;5500:release:calm:resting:100:747.059;6000:press:calm:winding:94.4:747.059;6370:line-break:ended:resting:100:900
after,gold,fixed-500/500ms,175,line-break,6630,100,20.268,900,900,1,0,4355,,,,20.268309,100,900,4355:start:struggling:winding:100:1.765;4655:300ms:struggling:winding:100:301.765;4675:release:struggling:resting:100:321.765;5175:press:struggling:winding:94.4:321.765;5615:600ms:calm:winding:100:603.111;5675:release:calm:resting:100:663.111;6175:press:calm:winding:94.4:663.111;6630:line-break:ended:resting:100:900
after,gold,fixed-500/500ms,425,line-break,6875,100,16.801,900,900,1,0,4545,,,,16.801206,100,900,4545:start:struggling:winding:100:2.059;4845:300ms:struggling:winding:100:302.059;4925:release:struggling:resting:100:382.059;5425:press:calm:winding:94.4:382.059;5860:600ms:calm:winding:100:601.674;5925:release:calm:resting:100:666.674;6425:press:calm:winding:94.4:666.674;6875:line-break:ended:resting:100:900
after,gold,boundary-100/299ms,0,line-break,9666,100,9.807,900,900,1,0,6075,,,,6.550485,100,900,6075:start:calm:winding:100:4.769;6085:release:calm:resting:100:14.769;6384:press:calm:winding:100:14.769;6484:release:calm:resting:100:114.769;6783:press:calm:winding:100:114.769;6883:release:warning:resting:100:214.769;7182:press:warning:winding:100:214.769;7272:300ms:warning:winding:100:304.769;9666:line-break:ended:resting:100:900
after,gold,boundary-100/299ms,175,line-break,9851,100,9.71,900,900,1,0,6564,,,,6.21,100,900,6260:release:calm:resting:100:0;6559:press:calm:winding:100:0;6564:start:calm:winding:100:5;6659:release:calm:resting:100:100;6958:press:warning:winding:100:100;7058:release:warning:resting:100:200;7357:press:warning:winding:100:200;7457:300ms:warning:winding:100:300;9851:line-break:ended:resting:100:900
after,gold,boundary-100/299ms,425,line-break,10500,100,8.41,900,900,1,0,6909,,,,5.473889,100,900,6909:start:warning:winding:100:2.778;6909:release:warning:resting:100:2.778;7208:press:warning:winding:100:2.778;7308:release:warning:resting:100:102.778;7607:press:warning:winding:100:102.778;7707:release:warning:resting:100:202.778;8006:press:struggling:winding:100:202.778;8106:300ms:struggling:winding:100:302.778;10500:line-break:ended:resting:100:900
after,gold,boundary-100/300ms,0,line-break,9700,100,9.71,900,900,1,0,6405,,,,6.21,100,900,6100:release:calm:resting:100:0;6400:press:calm:winding:100:0;6405:start:calm:winding:100:5;6500:release:calm:resting:100:100;6800:press:warning:winding:100:100;6900:release:warning:resting:100:200;7200:press:warning:winding:100:200;7300:300ms:warning:winding:100:300;9700:line-break:ended:resting:100:900
after,gold,boundary-100/300ms,175,line-break,9875,100,9.71,900,900,1,0,6580,,,,6.21,100,900,6275:release:calm:resting:100:0;6575:press:calm:winding:100:0;6580:start:calm:winding:100:5;6675:release:calm:resting:100:100;6975:press:warning:winding:100:100;7075:release:warning:resting:100:200;7375:press:warning:winding:100:200;7475:300ms:warning:winding:100:300;9875:line-break:ended:resting:100:900
after,gold,boundary-100/300ms,425,line-break,10525,100,8.41,900,900,1,0,6925,,,,5.473889,100,900,6925:start:warning:winding:100:2.778;6925:release:warning:resting:100:2.778;7225:press:warning:winding:100:2.778;7325:release:warning:resting:100:102.778;7625:press:warning:winding:100:102.778;7725:release:warning:resting:100:202.778;8025:press:struggling:winding:100:202.778;8125:300ms:struggling:winding:100:302.778;10525:line-break:ended:resting:100:900
after,gold,boundary-100/301ms,0,line-break,10050,100,9.71,900,900,1,0,6436,,,,6.059216,100,900,6115:release:calm:resting:99.58:0;6416:press:calm:winding:99.552:0;6436:start:calm:winding:100:2.769;6516:release:calm:resting:100:82.769;6817:press:warning:winding:99.972:82.769;6917:release:warning:resting:100:181.991;7218:press:warning:winding:99.972:181.991;7318:release:warning:resting:100:281.214;10050:line-break:ended:resting:100:900
after,gold,boundary-100/301ms,175,line-break,10225,100,9.71,900,900,1,0,6611,,,,6.059216,100,900,6290:release:calm:resting:99.58:0;6591:press:calm:winding:99.552:0;6611:start:calm:winding:100:2.769;6691:release:calm:resting:100:82.769;6992:press:warning:winding:99.972:82.769;7092:release:warning:resting:100:181.991;7393:press:warning:winding:99.972:181.991;7493:release:warning:resting:100:281.214;10225:line-break:ended:resting:100:900
after,gold,boundary-100/301ms,425,line-break,10871,100,8.41,900,900,1,0,7257,,,,5.709583,100,900,6941:release:warning:resting:99.652:0;7242:press:warning:winding:99.624:0;7257:start:warning:winding:100:4.556;7342:release:warning:resting:100:89.556;7643:press:warning:winding:99.972:89.556;7743:release:warning:resting:100:188.778;8044:press:struggling:winding:99.972:188.778;8144:release:struggling:resting:100:288.448;10871:line-break:ended:resting:100:900
after,gold,near100-release10ms,0,line-break,3580,100,27.82,900,900,1,0,2670,,703.333333,703.333333,22.453333,100,900,2670:start:warning:winding:100:3.333;2970:300ms:struggling:winding:100:303.333;3270:600ms:struggling:winding:100:603.333;3370:release:struggling:resting:100:703.333;3380:after10ms:struggling:resting:100:703.333;3380:press:struggling:winding:100:703.333;3580:line-break:ended:resting:100:900
after,gold,near100-release10ms,175,line-break,3705,100,25.545,900,900,1,0,2795,,701.944444,701.944444,19.293611,100,900,2795:start:warning:winding:100:1.944;3095:300ms:struggling:winding:100:301.944;3395:600ms:struggling:winding:100:601.944;3495:release:struggling:resting:100:701.944;3505:after10ms:struggling:resting:100:701.944;3505:press:struggling:winding:100:701.944;3705:line-break:ended:resting:100:900
after,gold,near100-release10ms,425,line-break,3825,100,22.295,900,900,1,0,2915,,700.294118,700.294118,15.192059,100,900,2915:start:struggling:winding:100:0.294;3215:300ms:struggling:winding:100:300.294;3515:600ms:struggling:winding:100:600.294;3615:release:struggling:resting:100:700.294;3625:after10ms:struggling:resting:100:700.294;3625:press:struggling:winding:100:700.294;3825:line-break:ended:resting:100:900
